name,email,course
Ganny,gsilk0@geocities.jp,WEB
Krissie,kgenery1@webnode.com,Android
Merola,mkitteridge2@nps.gov,Python
Britte,biredale3@smugmug.com,Java
Dynah,ddike4@istockphoto.com,SQL
Immanuel,ialoway5@comsenz.com,Python
Barret,bpavia6@bloglines.com,Java
Gracia,gwalcher7@ed.gov,WEB
Wesley,wsnowsill8@google.com.au,QA
Sunny,sharvatt9@printfriendly.com,Java
Jillie,jcornhilla@google.com.hk,SQL
Xenos,xbengleb@a8.net,QA
Dolli,dcrispc@tumblr.com,QA
Gordy,gcollimored@oakley.com,Java
Joyann,jhowtone@blogs.com,SQL
Corny,cmatushenkof@intel.com,WEB
Marni,mventamg@studiopress.com,Python
Dar,dsnalhamh@edublogs.org,WEB
Ezmeralda,ekasparskii@guardian.co.uk,Java
Lefty,lbrawsonj@skyrock.com,Java
Joan,jwhiskerdk@usnews.com,Java
Mel,mbelisonl@icq.com,Python
Sherm,smcgrathm@theguardian.com,Python
Isabelle,imayhoun@arizona.edu,Python
Gladys,gcocketto@walmart.com,SQL
Lorita,lsharplessp@hc360.com,Android
Stace,syardyq@tuttocitta.it,WEB
Florella,fprofferr@opensource.org,Android
Valentina,vvobess@meetup.com,SQL
Isiahi,iarpint@bbc.co.uk,WEB
Morena,mmechemu@guardian.co.uk,Android
Trudie,tdelasallev@sourceforge.net,Android
Ernesta,ecrampw@usa.gov,Android
Cliff,cconklinx@redcross.org,WEB
Herman,hcarbonelly@bandcamp.com,WEB
Archibaldo,aadenetz@51.la,Java
Michelina,mwhitham10@meetup.com,Java
Michal,mfeldfisher11@jiathis.com,SQL
Lazaro,lfeldmus12@shop-pro.jp,Android
Tommie,tvaleri13@creativecommons.org,SQL
Gilbert,gechlin14@chronoengine.com,Android
Selma,sstreeton15@free.fr,Java
Jeanine,jvinck16@vkontakte.ru,Python
Titos,thornbuckle17@mapquest.com,SQL
Kenna,kglaves18@clickbank.net,Java
Jennette,jnormavill19@wikispaces.com,SQL
Nil,ndufton1a@1und1.de,SQL
Merrily,mknevit1b@hubpages.com,Java
Engracia,egoford1c@zimbio.com,WEB
Robinett,rfolkard1d@phpbb.com,QA
Gamaliel,gpoulney1e@bbc.co.uk,SQL
Otes,owakley1f@edublogs.org,SQL
Royall,rfitkin1g@freewebs.com,Android
Geri,glean1h@geocities.com,Java
Nikaniki,nlongfoot1i@facebook.com,SQL
Clara,cgall1j@themeforest.net,Python
Alon,asazio1k@yandex.ru,Java
Kaja,kmaith1l@shinystat.com,SQL
Alyse,aphateplace1m@ning.com,Android
Leonore,lonslow1n@rakuten.co.jp,Android
Garreth,gwindle1o@mac.com,Android
Wiatt,wadenot1p@xinhuanet.com,Python
Perrine,pwhitty1q@yellowpages.com,WEB
Carmon,cbison1r@reverbnation.com,SQL
Fabe,fbirtwisle1s@mozilla.com,SQL
Elly,egenese1t@constantcontact.com,Android
Cindi,ckairns1u@oakley.com,QA
Bobbie,btumasian1v@seesaa.net,WEB
Martino,mhalbard1w@multiply.com,Android
Maren,mrandall1x@youtube.com,QA
Dierdre,dheitz1y@shinystat.com,Android
Joly,jcrossfeld1z@xinhuanet.com,Python
Hebert,hbythell20@umich.edu,WEB
Farlie,fgreason21@digg.com,WEB
Bancroft,bextal22@dmoz.org,Java
Case,cjobson23@nps.gov,QA
Analise,avanvelde24@ask.com,SQL
Viki,vklimkovich25@forbes.com,Android
Mar,mchastney26@indiegogo.com,WEB
Fowler,fcleobury27@comsenz.com,Java
Alexio,apopple28@nps.gov,Java
Lesley,lace29@princeton.edu,WEB
Kendricks,klivingstone2a@whitehouse.gov,Python
Elonore,ecorless2b@cdbaby.com,Android
Marita,mhickin2c@vistaprint.com,Java
Hugibert,hcromwell2d@walmart.com,WEB
Cornelle,ckinlock2e@hubpages.com,SQL
Mathew,mopdenorth2f@yelp.com,Android
Sosanna,sshottin2g@g.co,Java
Phineas,pjeannot2h@sbwire.com,WEB
Onofredo,ogadsden2i@latimes.com,Android
Eli,efrobisher2j@ask.com,Android
Carter,cwayman2k@taobao.com,Java
Tate,tpendock2l@bandcamp.com,WEB
Thaxter,tavramovic2m@moonfruit.com,WEB
Nydia,nciementini2n@japanpost.jp,Python
Templeton,thinder2o@home.pl,QA
Klarrisa,khatchell2p@hc360.com,WEB
Saree,sdaddow2q@vimeo.com,Java
Cheryl,cgowthorpe2r@marriott.com,Android
Jacinda,jmarcus2s@noaa.gov,QA
Rufe,rgribble2t@imdb.com,Android
Danyette,dbyas2u@msn.com,SQL
Den,dbransden2v@baidu.com,Java
Aron,agooble2w@china.com.cn,WEB
Irene,isutehall2x@yellowbook.com,WEB
Simeon,sreide2y@ow.ly,Android
Osborn,osexti2z@slideshare.net,WEB
Rem,rwagnerin30@cbslocal.com,WEB
Pennie,pswane31@geocities.com,Python
Chas,cantonovic32@unicef.org,Java
Hogan,hhonig33@smh.com.au,WEB
Monica,mmaitland34@mapy.cz,Android
Eryn,ehuff35@pen.io,Python
Bronnie,bklich36@rediff.com,Python
Ree,rbusain37@eepurl.com,SQL
Geri,gbennie38@privacy.gov.au,SQL
Dierdre,dbrister39@admin.ch,SQL
Adrian,atuppeny3a@sina.com.cn,Android
Philly,pdeldello3b@ocn.ne.jp,WEB
Cori,cwhitsey3c@newyorker.com,QA
Fabio,freilly3d@hhs.gov,WEB
Aldous,alotte3e@fda.gov,Android
Amery,apeace3f@state.tx.us,Java
Selie,sfilippo3g@goodreads.com,QA
Dwight,dbehr3h@about.me,WEB
Creight,cbockett3i@people.com.cn,WEB
Edgard,ehawkswood3j@prlog.org,QA
Lanni,lredparth3k@behance.net,Java
Shirl,smckendo3l@amazon.de,Java
Kailey,kbrandom3m@diigo.com,QA
Leone,llergan3n@hc360.com,Android
Corly,cbeades3o@unc.edu,SQL
Leyla,lshowering3p@mit.edu,SQL
Elmo,ebirtles3q@blog.com,QA
Horace,hheaps3r@list-manage.com,QA
Chantalle,cdennett3s@ucla.edu,Android
Kevina,khamerton3t@google.co.jp,WEB
Amble,ajurkowski3u@howstuffworks.com,Python
Karia,kcalvard3v@macromedia.com,WEB
Creigh,cportlock3w@nymag.com,SQL
Helenelizabeth,htwigley3x@hostgator.com,QA
Annie,aperle3y@posterous.com,WEB
Mariele,mgrindell3z@histats.com,Java
Bernardo,bbarkes40@baidu.com,WEB
Arleta,awakley41@gravatar.com,WEB
Shannan,sstrooband42@ning.com,WEB
Fiann,fcosgreave43@blinklist.com,Python
Cosme,clepard44@alexa.com,WEB
Jakob,jyukhtin45@blogtalkradio.com,QA
Reinaldo,rschanke46@devhub.com,WEB
Derry,dhazeldean47@hexun.com,QA
Francyne,facosta48@un.org,SQL
Alaster,agiovanitti49@feedburner.com,Python
Michell,mcolebeck4a@wsj.com,Python
Carlos,cbeckhurst4b@bbc.co.uk,WEB
Merralee,mbree4c@earthlink.net,WEB
Gilbert,gmctear4d@umich.edu,SQL
Tildie,tsherar4e@mozilla.com,SQL
Torrence,tfrost4f@japanpost.jp,SQL
Vern,vrime4g@cornell.edu,Android
Land,lcarlyon4h@elegantthemes.com,Java
Hastie,hebenezer4i@alibaba.com,SQL
Tiler,tbolter4j@liveinternet.ru,Python
Gabby,gcrosen4k@wp.com,Java
Gardener,gfores4l@dell.com,Android
Willyt,wmatzl4m@nbcnews.com,Android
Idelle,icogger4n@oracle.com,WEB
Willy,wleveridge4o@bloglines.com,Python
Erick,egreenland4p@parallels.com,SQL
Gwenore,gwatmore4q@kickstarter.com,Java
Abram,abordes4r@forbes.com,Python
Noell,njanouch4s@cmu.edu,Android
Chen,clahive4t@cisco.com,Java
Jermaine,jyanson4u@linkedin.com,Java
Yolane,yrealph4v@blinklist.com,WEB
Kate,korbine4w@hc360.com,SQL
Tamas,tboniface4x@wikipedia.org,SQL
Walton,wmiddlemass4y@studiopress.com,WEB
Judon,jorowane4z@clickbank.net,Python
Gretchen,goduilleain50@istockphoto.com,Python
Viki,vhardwicke51@nytimes.com,Python
Erek,esmythin52@cafepress.com,WEB
Allie,ahurrell53@privacy.gov.au,Python
Julianne,jvarah54@chicagotribune.com,QA
Griswold,gsellack55@webnode.com,Java
Brian,bbeardsley56@about.com,QA
Sisile,scoryndon57@squidoo.com,Python
Kerk,khalfpenny58@amazonaws.com,Java
Nariko,ncrane59@shinystat.com,Android
Courtnay,cgordon5a@xrea.com,QA
Massimiliano,mgariff5b@woothemes.com,Python
Jolie,jlukasen5c@alexa.com,WEB
Eran,emarner5d@sun.com,Android
Leonardo,ldottrell5e@purevolume.com,Android
Lloyd,lfley5f@reference.com,Java
Hercules,hdillimore5g@google.de,Android
Gisela,gitzkov5h@github.io,Python
Terrence,twedlake5i@furl.net,Java
Harlene,hbourget5j@goo.gl,WEB
Evaleen,ebenting5k@weibo.com,SQL
Karie,kwyman5l@cyberchimps.com,Android
Hayley,hshorter5m@vinaora.com,QA
Marni,myellowlee5n@mtv.com,Android
Jordanna,jlinn5o@netvibes.com,Java
Romy,rforsard5p@4shared.com,SQL
Jodee,jribeiro5q@joomla.org,Android
Darby,dspurier5r@arstechnica.com,WEB
Prudence,psatterlee5s@si.edu,QA
Damian,ddrewery5t@java.com,Java
Freddi,fpidcock5u@hexun.com,QA
Florinda,fdalyiel5v@ucsd.edu,WEB
Lanni,ldumphrey5w@lycos.com,Android
Aeriel,aiwanowicz5x@eventbrite.com,Java
Gipsy,gkeggins5y@tuttocitta.it,QA
Farlay,fzannelli5z@ftc.gov,Android
Muhammad,malstead60@walmart.com,Java
Modesty,mmccoughan61@sun.com,Python
Patrick,pmurrthum62@exblog.jp,Android
Carlynne,cbrothwood63@phpbb.com,Android
Joseph,jicom64@salon.com,SQL
Marja,mbreitler65@va.gov,Java
Nate,nwaith66@bloglines.com,SQL
Roxi,rballendine67@macromedia.com,QA
Ring,rreschke68@slashdot.org,Android
Lucy,lmossman69@surveymonkey.com,Java
Claiborne,cchamney6a@bbb.org,WEB
Liuka,lcoope6b@amazon.com,Python
Anna-diana,aspellman6c@google.nl,SQL
Sandie,sbenton6d@dmoz.org,Android
Valentine,vmongan6e@skyrock.com,Android
Loreen,lnott6f@sourceforge.net,Python
Emelda,eogborne6g@arizona.edu,Java
Emyle,eredler6h@census.gov,Android
Ricki,rroydon6i@hibu.com,Android
Raynell,rjoyce6j@tripadvisor.com,QA
Jessi,jcolumbell6k@photobucket.com,Java
Aggy,aovett6l@ftc.gov,SQL
Rivkah,rdrewett6m@tinypic.com,Java
Eran,ebenian6n@youku.com,WEB
Halette,hhaughey6o@hubpages.com,Python
Hayden,hspillane6p@bloomberg.com,Android
Moreen,mcamel6q@opera.com,Java
Marris,mbarhem6r@nyu.edu,WEB
Herrick,hrousel6s@answers.com,QA
Richard,rmiklem6t@elpais.com,Java
Si,sdoogue6u@photobucket.com,SQL
Cris,cmcness6v@spotify.com,Android
Valera,vambrogetti6w@businesswire.com,Android
Cobby,cbraz6x@histats.com,SQL
Elga,ebarden6y@unicef.org,QA
Graham,gacheson6z@state.tx.us,SQL
Yvon,ybottleson70@posterous.com,Android
Alina,amcilmorow71@vimeo.com,Android
Gibbie,gwims72@china.com.cn,Python
Cyndia,ccopeland73@sogou.com,Python
Vanny,vattride74@home.pl,WEB
Martha,mguilloud75@ycombinator.com,SQL
Mariellen,mroseman76@webeden.co.uk,Android
Julita,jfisher77@bloglovin.com,SQL
Phyllys,pmatyushenko78@nydailynews.com,QA
Kain,kdeelay79@w3.org,WEB
Ianthe,isilkstone7a@theglobeandmail.com,Java
Arluene,astonman7b@msn.com,Python
Meggi,movid7c@a8.net,Python
Alta,alabba7d@tripod.com,WEB
Andris,abrammer7e@wikimedia.org,Android
Becky,bsimms7f@pagesperso-orange.fr,Python
Claudetta,cwardlow7g@phpbb.com,QA
Parker,ppragnell7h@123-reg.co.uk,QA
Ara,acastano7i@accuweather.com,SQL
Freddie,fkalinovich7j@yandex.ru,WEB
Collette,clegat7k@google.com.br,WEB
Ida,irawsen7l@theguardian.com,Python
Hebert,hhastilow7m@is.gd,SQL
Aviva,atuckwell7n@myspace.com,Python
Sophi,sstidever7o@furl.net,Python
Onfre,oabrashkov7p@redcross.org,QA
Corette,cmulvin7q@bluehost.com,SQL
Nevil,nmacpeice7r@squidoo.com,SQL
Carly,cwestell7s@adobe.com,Android
Case,cdark7t@va.gov,Android
Hilly,hkaradzas7u@123-reg.co.uk,Android
Aldis,abeldan7v@google.nl,Python
Ramsay,rpiscotti7w@yahoo.com,WEB
Dedie,dadshead7x@engadget.com,WEB
Stuart,sbreming7y@jimdo.com,QA
Cordula,ccheale7z@rakuten.co.jp,Python
Ivett,iwillavize80@howstuffworks.com,QA
Aeriela,aantonikov81@japanpost.jp,WEB
Allard,acowin82@ft.com,Android
Nerita,nsidwick83@51.la,Java
Devora,dsemechik84@harvard.edu,Android
Robina,rblumson85@is.gd,WEB
Orren,oduiged86@infoseek.co.jp,WEB
Meryl,mlenard87@engadget.com,QA
Julietta,jmclugaish88@blogspot.com,Java
Stanly,sobruen89@google.nl,Java
Ivette,ipeploe8a@topsy.com,SQL
Eward,epittem8b@bloglines.com,Python
Clemmy,clarrosa8c@surveymonkey.com,Java
Bel,bissett8d@godaddy.com,Java
Sheelah,skincey8e@ca.gov,QA
Coralyn,ccastiglione8f@nature.com,SQL
Ferguson,fgregoraci8g@usda.gov,SQL
Maudie,mhaining8h@ebay.com,QA
Aksel,aghidetti8i@tiny.cc,Java
Lacie,lkelland8j@google.it,QA
Vilhelmina,vmarvell8k@cdc.gov,Java
Aurore,abarhems8l@nasa.gov,QA
Benni,btruitt8m@dedecms.com,Android
Evelyn,erookwell8n@aol.com,Java
Winnie,wtowers8o@wix.com,Android
Laurella,ldelmonte8p@wordpress.com,Java
Padraig,pdummigan8q@hatena.ne.jp,Android
Lynn,lrobiot8r@zdnet.com,Python
Maximilianus,mmcgillacoell8s@blogger.com,Python
Hort,htriplett8t@businessweek.com,Java
Lira,lgettings8u@tmall.com,WEB
Bartolomeo,bgilcriest8v@vistaprint.com,Android
Edita,eklimmek8w@marriott.com,QA
Cele,ctonn8x@quantcast.com,SQL
Berkley,bwitherup8y@bloglovin.com,QA
Steven,snodes8z@51.la,WEB
Carlotta,cdelort90@cafepress.com,Android
Cyrill,chowland91@desdev.cn,Python
Hiram,hepinoy92@cmu.edu,QA
Lynna,lsakins93@tamu.edu,Android
Kendricks,kseagood94@reuters.com,QA
Harv,hrathbone95@360.cn,QA
Erda,eokinedy96@newyorker.com,QA
Maddie,mbote97@taobao.com,WEB
Gael,gmcglew98@bloomberg.com,Java
Ermengarde,emournian99@cyberchimps.com,QA
Sapphira,svergo9a@ameblo.jp,Java
Modestia,mizard9b@studiopress.com,SQL
Manuel,mfearnall9c@sina.com.cn,WEB
Garner,gellaway9d@angelfire.com,SQL
Rosanne,rnoar9e@ebay.co.uk,Python
Franciska,fflatt9f@buzzfeed.com,QA
Camilla,cmullaly9g@columbia.edu,Java
Dag,dvida9h@technorati.com,Android
Elliot,edryden9i@mapy.cz,WEB
Katie,klapslie9j@upenn.edu,Android
Cyndi,ccardow9k@state.tx.us,SQL
Fin,fetridge9l@liveinternet.ru,Java
Belia,bhoyte9m@pcworld.com,WEB
Gladi,gmason9n@fema.gov,WEB
Sheena,splewes9o@networkadvertising.org,Android
Jolee,jrussam9p@weibo.com,Android
Cirilo,crogger9q@house.gov,Python
Lucian,ldeluze9r@narod.ru,Python
Tara,tprattin9s@studiopress.com,Python
Nicki,nwyld9t@si.edu,WEB
Osbourn,ohathorn9u@furl.net,QA
Evelyn,egriffin9v@mac.com,QA
Carmon,cdenacamp9w@ovh.net,Android
Benji,bvedikhov9x@studiopress.com,Python
Edin,ehardson9y@sphinn.com,QA
Gar,ggarrard9z@delicious.com,QA
Hilda,hgoddertsfa0@sohu.com,SQL
Kaja,kfearnsidea1@yelp.com,Java
Flemming,fbunna2@businessweek.com,Java
Rhys,rdenyukina3@blogtalkradio.com,Python
Winnifred,wgirkina4@google.ca,SQL
Elvin,ethemla5@histats.com,WEB
Craig,cgiffauta6@surveymonkey.com,QA
Ravi,rputtnama7@google.nl,QA
Ettore,ebevena8@twitter.com,Python
Janis,jbencka9@sogou.com,SQL
Jenn,jsambrookaa@tripod.com,Android
Igor,ipealab@istockphoto.com,Android
Artemas,alemarac@zimbio.com,Java
Garnette,ggowlandad@newsvine.com,SQL
Philippe,pgisburnae@mit.edu,Java
Kristofor,kmeffinaf@miibeian.gov.cn,Java
Portia,pservanteag@eepurl.com,Python
Tallia,tposkittah@newsvine.com,WEB
Jeremy,jlyddiardai@nih.gov,WEB
Gerrie,gsolesaj@surveymonkey.com,Python
Patrice,pofergusak@ask.com,Java
Lydon,ldibdaleal@amazonaws.com,QA
Idell,ipollockam@prnewswire.com,Java
Karim,knesbyan@posterous.com,Android
Harry,hmcnabao@google.nl,Python
Vidovik,vstokoeap@google.co.uk,WEB
Wilona,wicomaq@pcworld.com,Android
Vanda,vmacfaellar@t.co,WEB
Elizabeth,emohanas@creativecommons.org,WEB
Petronille,ptreacyat@hao123.com,SQL
Amie,aforkanau@qq.com,WEB
Arron,adartav@prnewswire.com,Java
Thoma,tbierlingaw@theglobeandmail.com,Python
Casie,ceaggerax@cbslocal.com,QA
Lyda,lkaineay@slate.com,QA
Fanny,fyewenaz@bloglines.com,Android
Doro,dilyinskib0@shop-pro.jp,SQL
Reece,rbarthotb1@msu.edu,Android
Patrizio,plambrechtb2@house.gov,Java
Lanny,lbellshamb3@theatlantic.com,QA
Waverly,whorsewoodb4@whitehouse.gov,SQL
Dougy,dkitchenmanb5@comsenz.com,Java
Rhianon,rbrideauxb6@addtoany.com,QA
Abdul,avollamb7@1und1.de,SQL
Emmit,egwatkinsb8@unicef.org,Java
Mae,mmayheadb9@360.cn,Java
Nancee,ndenacampba@reddit.com,Android
Bartel,bhambb@sourceforge.net,Android
Bell,btroutbc@theglobeandmail.com,SQL
Dorena,dlahrsbd@moonfruit.com,QA
Daisi,dbrunsdenbe@wikipedia.org,Java
Reynard,rwonesbf@netvibes.com,Python
Madlin,markowbg@spotify.com,Python
Clementine,chatliffebh@nsw.gov.au,Android
Catarina,clodwigbi@unc.edu,Python
Bendicty,bheitonbj@gov.uk,Android
Lenore,lnisiusbk@uol.com.br,WEB
Idell,iebsworthbl@printfriendly.com,Python
Dunc,dliddelbm@ca.gov,WEB
Kristin,kjewittbn@123-reg.co.uk,WEB
Roderigo,rdejuaresbo@aboutads.info,SQL
Patty,pkehirbp@ezinearticles.com,WEB
Averyl,acrinsonbq@ihg.com,WEB
Wilhelmine,wdumingobr@rakuten.co.jp,Android
Alastair,arudkinbs@webeden.co.uk,WEB
Irwinn,iashtonbt@comcast.net,Java
Farica,fquenbybu@bbb.org,WEB
Demetria,dpassinghambv@sun.com,QA
Joannes,jsaterthwaitbw@dell.com,Android
Yalonda,yfairfullbx@opera.com,WEB
Joey,jlewerenzby@goo.ne.jp,Android
Libbie,lsarlbz@bandcamp.com,Java
Simona,sbartosikc0@mit.edu,WEB
Sidoney,swoodhamsc1@ebay.com,Python
Shaylyn,strevainsc2@printfriendly.com,Python
Stesha,sballaamc3@ning.com,SQL
Ronalda,rarrellc4@ask.com,SQL
Yolane,ylippiattc5@amazonaws.com,Android
Ansley,arickeardc6@jigsy.com,SQL
Shayla,sbrainsbyc7@wufoo.com,Java
Benedicto,bminterc8@mayoclinic.com,WEB
Peggy,peastwayc9@free.fr,Python
Taffy,tadamczewskica@admin.ch,WEB
Leigh,lelnaughcb@qq.com,QA
Quintin,qgiorgicc@scribd.com,QA
Brocky,bleatherlandcd@omniture.com,WEB
Izaak,ibindence@gov.uk,Android
Efren,esmalleycf@csmonitor.com,SQL
Eleni,ebentzencg@cyberchimps.com,QA
Joleen,jmartelloch@wunderground.com,Android
Cob,cfearnyoughci@blogger.com,QA
Elnar,emiallcj@xing.com,Android
Kati,klosemannck@washingtonpost.com,QA
Idalia,itewnioncl@behance.net,Java
Kirsteni,klukeschcm@princeton.edu,Android
Gratiana,gmclellancn@home.pl,Android
Lotta,lelcoateco@nsw.gov.au,QA
Anabal,adreescp@etsy.com,SQL
Coletta,corrillcq@xrea.com,WEB
Mariann,mannandalecr@businessinsider.com,Android
Garner,gelbycs@symantec.com,QA
Mady,mbrahmerct@mtv.com,QA
Astrid,apatrycu@cnet.com,Java
Alvin,adrayncv@github.com,Python
Jessalin,jrammcw@nytimes.com,Android
Winna,wtamascx@imgur.com,SQL
Stepha,srigdency@tripadvisor.com,WEB
Yulma,yassandricz@pcworld.com,WEB
Alastair,amccurtd0@state.tx.us,Python
Gilemette,gharmstond1@europa.eu,WEB
Winfred,wsheriffd2@icio.us,Android
Felix,ftrased3@bizjournals.com,Android
Raimundo,rfrearsd4@a8.net,SQL
Clarke,ctubbyd5@nyu.edu,Python
Raymund,rogarmend6@smugmug.com,Android
Dede,dmolandd7@nationalgeographic.com,QA
Crista,cpictond8@geocities.jp,Python
Felix,fboylandd9@indiegogo.com,Java
Mara,mosgarda@dedecms.com,Java
Ariel,amayohdb@g.co,Java
Rubin,rdanneldc@purevolume.com,WEB
Mendie,mmclugishdd@parallels.com,QA
Goober,gstorrsde@usda.gov,QA
Danika,ddunstondf@usda.gov,SQL
Franky,ftremolletdg@ucoz.ru,SQL
Bartholomeo,bkenchdh@boston.com,Python
Barnaby,blapreedi@eepurl.com,QA
Hilton,hashbornedj@webmd.com,Android
Alessandra,aswaislanddk@sina.com.cn,SQL
Vitia,vgoodlipdl@fotki.com,Java
Olav,ohurleydm@usgs.gov,QA
Hilly,hkeddeydn@cornell.edu,WEB
Clari,clauchlando@bandcamp.com,Python
Jean,jbeininckdp@howstuffworks.com,WEB
Stanford,sblachforddq@blogger.com,Android
Winslow,wfindondr@jimdo.com,QA
Chrissie,cmolloyds@engadget.com,SQL
Rupert,rgildersleavesdt@wunderground.com,Java
Leah,lpadydu@google.com.hk,Python
Barbette,bfentondv@foxnews.com,WEB
Ameline,afordydw@trellian.com,SQL
Merola,mmolloydx@naver.com,Android
Will,wderingdy@nbcnews.com,Python
Drucie,ddoolanddz@youku.com,QA
Tristan,thaffarde0@meetup.com,Java
Yetta,ygutselle1@umich.edu,QA
Kellen,kglasspoolee2@addthis.com,QA
Fields,fdelahuntye3@yelp.com,Java
Zarah,zanettse4@uiuc.edu,SQL
Aaron,asavillee5@latimes.com,Python
Burch,byakobowitze6@paginegialle.it,SQL
Marion,mwildene7@springer.com,Android
Trenton,twalnee8@cbsnews.com,Python
Yolande,ypiateke9@google.ru,Android
Selie,sdaggettea@spotify.com,SQL
Skelly,smeniseb@tumblr.com,Android
Ernst,eanyonec@illinois.edu,Android
Lilian,llankestered@acquirethisname.com,SQL
Shantee,stattertonee@illinois.edu,Android
Drew,dygoeef@vistaprint.com,Python
Patrica,pszepeeg@cpanel.net,WEB
Candide,cfarnilleh@feedburner.com,QA
Bayard,bkopei@wsj.com,SQL
Nisse,nbarrackej@oakley.com,Android
Allx,ableasek@webmd.com,WEB
Carol-jean,cbradnumel@hubpages.com,QA
Brnaba,bkittmanem@infoseek.co.jp,Android
Tabby,tbrunickeen@paginegialle.it,Java
Carroll,clakeyeo@phpbb.com,Python
Norry,nhoylandep@washingtonpost.com,QA
Fanny,fkringeeq@latimes.com,Java
Barbette,bgrabbamer@theglobeandmail.com,SQL
Erv,espinneyes@google.cn,SQL
Hillard,havrahamianet@csmonitor.com,Android
Carry,cnorthageeu@hc360.com,Java
Lauren,lwatheyev@yelp.com,Python
Gabbi,ggilbartew@utexas.edu,QA
Cassy,cfernanex@geocities.jp,SQL
Ruddy,rportressey@icio.us,Python
Brandy,bhierroez@last.fm,WEB
Frederich,fvernauf0@oracle.com,QA
Randolf,racorsf1@github.com,WEB
Ginni,gswaffordf2@paginegialle.it,WEB
Leeanne,ldasparf3@ebay.com,Java
Bobby,bmcevoyf4@com.com,WEB
Monika,mdressef5@apache.org,Android
Hercule,hkingsnoadf6@yelp.com,Android
Lenci,lpettusf7@forbes.com,Java
Wells,wbranscombef8@hp.com,SQL
Cary,cgarmstonf9@ted.com,Java
Nikolaus,nverdiefa@purevolume.com,SQL
Giuseppe,gmalebyfb@cdbaby.com,QA
Lonnard,lcovenyfc@cargocollective.com,WEB
Lin,luridgefd@dell.com,Python
Elyse,eruffellfe@usda.gov,WEB
Ariadne,acapellff@archive.org,WEB
Basil,bwhitnellfg@cbslocal.com,Java
Honor,hduligallfh@sun.com,WEB
Lena,lshallofi@imdb.com,WEB
Abrahan,akilloughfj@w3.org,QA
Eleen,eokeyfk@homestead.com,Java
Winnifred,whoughtfl@over-blog.com,WEB
Adrien,aolpinfm@whitehouse.gov,WEB
Fedora,fgowdyfn@foxnews.com,SQL
Eliot,ebanasevichfo@slashdot.org,Python
Francoise,ffabbfp@yahoo.co.jp,QA
Pepillo,pbleifq@discovery.com,SQL
Lutero,lnewlandsfr@bbb.org,Python
Kahaleel,kmcrobertsfs@ycombinator.com,Java
Joell,jtoghillft@livejournal.com,SQL
Bartlet,bmettrickefu@ebay.co.uk,SQL
Rollo,rberesforefv@bluehost.com,Python
Marti,mcamackefw@networksolutions.com,Java
Barnabas,bmacgowingfx@spiegel.de,SQL
Marthe,mclusefy@gizmodo.com,Android
Astrix,aguillartfz@ovh.net,WEB
Gusta,gluterg0@joomla.org,SQL
Karlik,kracciog1@japanpost.jp,Android
Hanan,hpetriellog2@tripadvisor.com,WEB
Charity,cbarnissg3@mysql.com,QA
Leona,lloftsg4@networkadvertising.org,Java
Mame,mbartkeg5@weebly.com,SQL
Danielle,depineg6@ifeng.com,SQL
Simonne,sperrisg7@china.com.cn,Python
Doralin,dlaffordg8@edublogs.org,Android
Garnet,gthomeng9@uol.com.br,SQL
Gretta,ghaygreenga@chicagotribune.com,QA
Netty,ngyorgygb@mashable.com,SQL
Maxine,mgiacoppogc@flickr.com,Android
Lea,ltittletrossgd@sohu.com,SQL
Melina,mskippge@unesco.org,QA
Mae,mclausgf@com.com,Python
Diane-marie,dbrandhardygg@diigo.com,Android
Melanie,mizakovitzgh@cdc.gov,WEB
Nettle,nmilellagi@upenn.edu,Python
Shepherd,strothgj@nbcnews.com,Android
Jacobo,jmothersolegk@cbc.ca,Python
Curt,cnearsgl@networkadvertising.org,QA
Jecho,jkhangm@who.int,SQL
Far,fswiffingn@globo.com,SQL
Dag,dlohango@weibo.com,Java
Dot,dpatronigp@kickstarter.com,Python
Meredeth,mmalcolmsongq@eventbrite.com,QA
Jori,jstaiggr@addtoany.com,QA
Gleda,gnewlandsgs@bizjournals.com,QA
Karisa,klorainegt@usnews.com,Python
Ali,adominicaccigu@cisco.com,Python
Carole,cleadsgv@studiopress.com,WEB
Ewart,emathegw@tuttocitta.it,WEB
Charmian,cbanglegx@rambler.ru,SQL
Rickie,rgawithgy@chronoengine.com,WEB
Nickie,npatnelligz@google.com.br,SQL
Hollyanne,hchilcotteh0@odnoklassniki.ru,SQL
Alfredo,abrownriggh1@netscape.com,Java
Arlie,awhitwamh2@discuz.net,SQL
Miguel,mstickneyh3@booking.com,SQL
Aloisia,awalneh4@dmoz.org,Android
Giralda,gtesdaleh5@dailymotion.com,Java
Harbert,hhaldenbyh6@desdev.cn,WEB
Tana,tmcgraeh7@w3.org,Python
Alisa,astriblingh8@google.co.uk,QA
Bartholemy,bbrecknellh9@eventbrite.com,QA
Dione,dmanueliha@surveymonkey.com,Java
Niall,nlammiehb@dmoz.org,Android
Katerina,kgrzeszczykhc@spiegel.de,Android
Clemente,cstorrahhd@meetup.com,Python
Karlie,kstarckshe@storify.com,Android
Ikey,iwabersinkehf@is.gd,Python
Ritchie,rkrollmanhg@wikipedia.org,QA
Lyn,ldrakehh@abc.net.au,Python
Trish,tubankhi@godaddy.com,SQL
Kelvin,kdonahohj@dot.gov,QA
Audrey,adamsellhk@artisteer.com,Python
Marsha,mgwilthl@flavors.me,Java
Leonhard,lreggianihm@hc360.com,QA
Abbey,adroverhn@telegraph.co.uk,SQL
Ahmed,akippinho@hud.gov,Python
Udall,ushimonhp@miibeian.gov.cn,QA
Nataline,ncopnerhq@xing.com,WEB
Bobette,bcullhr@shareasale.com,Java
Israel,ijeppehs@elpais.com,SQL
Arlena,aburhillht@amazon.co.jp,WEB
Udall,umaturahu@icq.com,QA
Tera,tbolfhv@networksolutions.com,Python
Shanan,sberringerhw@ebay.co.uk,Java
Chelsae,clongcasterhx@disqus.com,SQL
Fiann,fbeckethy@google.nl,QA
Bobbi,bcressarhz@multiply.com,Android
Katine,kwyldborei0@quantcast.com,SQL
Dannie,dbillingsi1@4shared.com,QA
Celle,ccuffi2@dyndns.org,QA
Jasper,jizacenkoi3@sphinn.com,Android
Marylee,mtowersi4@hugedomains.com,Python
Allister,arentolli5@msu.edu,Python
Jenny,jdelasallei6@europa.eu,WEB
Selby,sgallihawki7@last.fm,SQL
Andie,adelwateri8@altervista.org,Python
Bailey,bstarbucki9@reuters.com,Android
Clarabelle,ckubickiia@addthis.com,Android
Talia,tcrumptonib@arstechnica.com,Android
Daniela,dmccannic@blogtalkradio.com,SQL
Lorry,llukehurstid@jugem.jp,QA
Matthew,mbernliie@sogou.com,WEB
Verney,vpinkertonif@parallels.com,WEB
Elie,eearleyig@1688.com,SQL
Murdoch,mscottih@gov.uk,Android
Ulla,uletertreii@wsj.com,Python
Rem,rkayleyij@statcounter.com,QA
Dex,dbettisik@pen.io,Java
Jayme,jkiddleil@go.com,Python
Melamie,mdawbyim@hexun.com,WEB
Kaleena,kcauldwellin@yandex.ru,WEB
Mikkel,mmeccoio@t.co,WEB
Dimitri,dklousnerip@bigcartel.com,Python
Imogen,isidleiq@time.com,Java
Cyrille,cfranceschinoir@netlog.com,Java
Malynda,mbickerdikeis@about.me,Android
Eunice,eniesegenit@amazon.de,Python
Marquita,mwalthewiu@accuweather.com,Android
Sosanna,ssivioriv@timesonline.co.uk,Python
Nanete,nlangworthyiw@163.com,SQL
Ruth,rstandbrookix@dion.ne.jp,QA
Lenci,lmaffiiy@cdc.gov,Java
Kendra,kennioniz@google.ru,SQL
Charlotta,cmoirj0@uiuc.edu,SQL
Paulie,pdalstonj1@printfriendly.com,QA
Angelita,akelbererj2@people.com.cn,Python
Perla,pmatthiesonj3@dot.gov,QA
Freddi,fchorltonj4@list-manage.com,Android
Johnathon,jkenwayj5@dailymail.co.uk,Java
Cherice,cwellenj6@blogger.com,Python
Ophelie,ocraneyj7@jigsy.com,QA
Juliana,javelingj8@creativecommons.org,WEB
Uriel,ubaldellij9@blinklist.com,Android
Jeannie,jgalbraithja@tripadvisor.com,Java
Elliot,epennonejb@pcworld.com,WEB
Ramonda,rfountainjc@google.com.au,Python
Cissy,cwroejd@youtu.be,Android
Koren,kbastonje@zimbio.com,Python
Saxe,spenrightjf@wsj.com,Android
Farlee,fisaqjg@dot.gov,WEB
Oralla,ogurdonjh@abc.net.au,Android
Caron,coiseauji@tamu.edu,QA
Silvano,sbeecroftjj@forbes.com,Android
Renee,rleasjk@blogger.com,Java
Ev,efaulknerjl@ca.gov,WEB
Catriona,cieldenjm@merriam-webster.com,WEB
Phyllis,pchicchellijn@washington.edu,Java
Pace,pschottlijo@cam.ac.uk,SQL
Ansley,awinchjp@dyndns.org,Python
Lucy,lstreatfeildjq@mit.edu,WEB
Charley,cvostjr@chicagotribune.com,WEB
Aleksandr,asparlingjs@xinhuanet.com,QA
Tim,tsinghjt@vk.com,QA
Nanci,nneillju@weather.com,QA
Ursuline,ubailesjv@soundcloud.com,Python
Lynda,lizzettjw@google.co.jp,Java
Auroora,aflaunejx@example.com,WEB
Rodger,rsmileyjy@wired.com,Android
Harry,hbeanjz@bandcamp.com,SQL
Milena,msuthrenk0@time.com,Python
Fae,fverillok1@seesaa.net,Python
Chere,ckeatingk2@usa.gov,WEB
Jehanna,jarrank3@gravatar.com,QA
Towney,trobeletk4@howstuffworks.com,Java
Chantal,cpirazzik5@google.co.uk,WEB
Salome,shounsomk6@tinyurl.com,SQL
Bret,bgasquoinek7@mapy.cz,Python
Che,cgocherk8@prlog.org,Python
Hildagarde,hbensusank9@yellowpages.com,Python
Berkie,blackyka@wikimedia.org,Android
Sephira,salbistonkb@ed.gov,WEB
Glenn,gsafontkc@utexas.edu,Android
Seka,scomollikd@storify.com,QA
Morie,mgerlingke@rambler.ru,Android
Suzy,spaulazzikf@reuters.com,SQL
Laureen,lbreewoodkg@nifty.com,Java
Jorry,jghestkh@unicef.org,QA
Nanete,ncloutki@friendfeed.com,Python
Tandie,tmcalorenkj@privacy.gov.au,WEB
Orbadiah,oklieslkk@abc.net.au,Python
Hi,hdominellikl@google.com.hk,WEB
Anita,abritnellkm@geocities.com,Python
Brett,btregearkn@acquirethisname.com,WEB
Cchaddie,cshortellko@abc.net.au,WEB
Nalani,ngellankp@ustream.tv,Python
Cecily,cstrandkq@hatena.ne.jp,QA
Caleb,cdugallkr@e-recht24.de,Android
Adriane,ajeaninks@opera.com,QA
Barbie,bspriggskt@live.com,Java
Gayle,grappaportku@paginegialle.it,Java
Rex,rmitchelsonkv@weibo.com,QA
Merry,mgrettonkw@intel.com,Python
Maegan,mposenkx@who.int,SQL
Nanon,nalbonky@washingtonpost.com,QA
Konstantin,kladewigkz@nymag.com,SQL
Elva,ematthiusl0@wsj.com,QA
Lissa,lleperel1@indiegogo.com,WEB
Sheilakathryn,sdreschlerl2@exblog.jp,Java
Kylie,khansanal3@jugem.jp,WEB
Felisha,fbrognotl4@unicef.org,Java
Chip,cwestmacottl5@123-reg.co.uk,Python
Norine,nlilburnl6@wired.com,Python
Odelle,ojeanenetl7@usda.gov,Java
Kerrie,kllorentel8@princeton.edu,Android
Ad,ascutterl9@chron.com,Python
Belita,bogriffinla@goo.gl,Android
Ludovico,lnazerlb@guardian.co.uk,Python
Korella,ksheeringlc@nbcnews.com,SQL
Lina,lmitchellld@utexas.edu,Android
Ofelia,ogauchele@hostgator.com,Java
Loraine,lpuckhamlf@cloudflare.com,WEB
Haily,hdysterlg@theglobeandmail.com,Java
Dukey,dhawkyenslh@multiply.com,WEB
Antonia,akaubischli@list-manage.com,Java
Lotte,lagasslj@nbcnews.com,WEB
Evangelia,educelk@t-online.de,WEB
Nora,nathowll@indiegogo.com,Android
Lamont,llittlerlm@whitehouse.gov,SQL
Laryssa,lgainsfordln@list-manage.com,Python
Preston,poshealo@wikimedia.org,Android
Jobey,jtunnadinelp@xrea.com,SQL
Cyndia,carnowlq@cdc.gov,SQL
Hilda,hallcoatlr@moonfruit.com,Python
Bliss,byoxallls@seattletimes.com,Python
Estell,ecowperlt@github.com,Python
Codie,ccridlanlu@msn.com,QA
Shay,seneferlv@purevolume.com,Java
Lyman,lhoulisonlw@columbia.edu,SQL
Jandy,jfehnerslx@google.com.br,QA
Trenton,tbordessaly@google.ru,SQL
Peterus,ptorbetlz@sun.com,Java
Nerte,nperrottm0@seattletimes.com,Python
Kania,kdemongem1@columbia.edu,Python
Dunn,dbirkettm2@google.com.hk,QA
Lesya,lcockrenm3@github.io,WEB
Iosep,ilobbem4@nymag.com,Python
Marietta,mholehousem5@clickbank.net,Python
Sharlene,stipplerm6@apple.com,Android
Anya,aafieldm7@e-recht24.de,Java
Maynord,mflintiffm8@themeforest.net,WEB
Rabi,rproudleym9@wunderground.com,WEB
Alfonse,awykeyma@lycos.com,WEB
Tandie,tostmb@who.int,QA
Hughie,heberzmc@istockphoto.com,Android
Margret,mpoolymd@cpanel.net,SQL
George,gteareme@angelfire.com,Android
Farra,fbushenmf@marketwatch.com,Android
Lynette,lblacklidgemg@ocn.ne.jp,Android
Fayina,fszymanekmh@prweb.com,Java
Stillman,sgommmi@blogs.com,Python
Jesselyn,jgilyottmj@photobucket.com,SQL
Quintilla,qcarneymk@drupal.org,Java
Livvie,lschubbertml@cbc.ca,Python
Morton,mfachermm@shop-pro.jp,Python
Enriqueta,ewroemn@odnoklassniki.ru,WEB
Rica,rhadkinsmo@360.cn,Java
Sonya,sbiaggionimp@merriam-webster.com,WEB
Shandee,scottonmq@cnbc.com,Python
Etienne,etarburnmr@unesco.org,SQL
Freddie,fmckerronms@sina.com.cn,Android
Vivienne,vbeathemmt@bbb.org,Android
Lorianne,lcarlillmu@pinterest.com,SQL
Cathrin,cschustmv@weebly.com,SQL
Edouard,etravesmw@exblog.jp,Java
Dick,dhorickmx@skype.com,WEB
Magdalen,mloddymy@mashable.com,Java
Marnie,mdowsingmz@goodreads.com,WEB
Xever,xoxxn0@walmart.com,Python
Schuyler,sbathan1@mysql.com,Android
Virginia,vtoffetton2@flickr.com,QA
Spence,swaulkern3@bravesites.com,Java
Herve,hfugglesn4@chronoengine.com,Python
Christiane,cmaberleyn5@sakura.ne.jp,Android
Robinet,rmennearn6@php.net,WEB
Melvyn,mticehurstn7@mediafire.com,SQL
Eal,echaimsonn8@nhs.uk,SQL
Dacie,dmenslern9@qq.com,QA
Roberta,rkelbiena@mapquest.com,SQL
Lizabeth,lgalpinnb@odnoklassniki.ru,WEB
Richmound,rbiermannc@google.cn,Python
Kylie,ktembridgend@smh.com.au,WEB
Naomi,nwrennallne@dropbox.com,Java
Aloisia,adumphynf@over-blog.com,Python
Alair,amackellerng@wikispaces.com,QA
Reggie,rprestlandnh@ycombinator.com,Android
Tristam,tyokleyni@hostgator.com,Python
Maye,mastlesnj@gravatar.com,Java
Jerrilyn,joliverpaullnk@ocn.ne.jp,Python
Fidel,fpinchinnl@cdc.gov,SQL
Rufus,rbroomhallnm@tinypic.com,WEB
Percy,pschoutnn@g.co,QA
Karleen,kmclavertyno@omniture.com,SQL
Dalston,dcantillonnp@guardian.co.uk,Java
Huntley,hballochnq@mtv.com,Python
Inger,itaylernr@ucoz.ru,Python
Gottfried,gdormandns@vk.com,Android
Burlie,bclynent@who.int,Android
Hilde,hdanilevichnu@delicious.com,WEB
Currey,cbantocknv@dropbox.com,Java
Willdon,wrapinnw@ask.com,WEB
Kandy,kdemarianx@nationalgeographic.com,SQL
Nat,nrussanny@ebay.com,Android
Nicola,nscarletnz@europa.eu,Python
Arin,agledero0@edublogs.org,Python
Lolly,lnorthcoteo1@go.com,QA
Sibella,sbenedettinio2@who.int,Java
Malory,mrufflio3@tinypic.com,Python
Nani,ndrainso4@bloomberg.com,Python
Vlad,vkarlowiczo5@digg.com,Android
Flem,fpiffordo6@pbs.org,WEB
Myrna,mwysomeo7@xinhuanet.com,Java
Bruce,blowreso8@booking.com,SQL
Collie,cbrownsallo9@multiply.com,WEB
Albrecht,ashereloa@irs.gov,SQL
Wyn,wshitliffob@who.int,Python
Leisha,lblodgoc@apache.org,SQL
Carmelita,ckermittod@cocolog-nifty.com,WEB
Arturo,alefeuvreoe@infoseek.co.jp,SQL
Petronilla,ppostleof@com.com,Python
Sabrina,slightonog@statcounter.com,QA
Correna,ctordoffoh@4shared.com,SQL
Rafaellle,rcostellooi@tuttocitta.it,Android
Teodor,tvernalloj@blog.com,Python
Ronny,rgearingok@cbc.ca,QA
Charmain,cconkayol@hugedomains.com,WEB
Doll,dgleavesom@indiegogo.com,Java
Hephzibah,hroddickon@nih.gov,WEB
Cordie,cgriolioo@trellian.com,SQL
Veronike,vmarsdenop@dot.gov,SQL
Bartram,bjoboq@google.ru,QA
Hali,hpendleberyor@storify.com,WEB
Lind,lgoulbornos@diigo.com,QA
Jemima,jhayzerot@yahoo.co.jp,Android
Guendolen,gbonifazioou@nature.com,WEB
Mada,mblackaderov@networksolutions.com,QA
Grenville,gbulteelow@blogtalkradio.com,Android
Alfredo,acastangiaox@nytimes.com,QA
Dal,dcunahoy@flavors.me,Python
Morton,msimnelloz@pcworld.com,Java
Winston,wdaggettp0@networkadvertising.org,QA
Donnie,dbedhamp1@lulu.com,WEB
Tammie,tsturneyp2@ibm.com,QA
Shannon,skenworthp3@tamu.edu,SQL
Luis,lhannump4@europa.eu,Java
Monroe,mjillissp5@oaic.gov.au,QA
Dedie,dhawfordp6@twitter.com,Java
Melania,mlorantp7@discovery.com,Android
Yolanthe,ypenhallp8@123-reg.co.uk,WEB
Lanette,lbadgersp9@businessweek.com,WEB
Shaine,segaltonpa@yellowpages.com,WEB
Michaela,mlavalliepb@theglobeandmail.com,Java
Gleda,gswindenpc@state.tx.us,SQL
Aaron,adumkepd@devhub.com,QA
Kelsy,kbaxterpe@google.com,Java
Tanney,tsteerepf@telegraph.co.uk,WEB
Damian,dregipg@amazonaws.com,Java
Deana,dbuckthoughtph@senate.gov,QA
Tamara,ttiftpi@marriott.com,QA
Wilona,wpentycrosspj@utexas.edu,SQL
Frederica,fcluckiepk@mac.com,Java
Ira,ilaverackpl@1688.com,Java
Lauritz,lbarrowcliffpm@tripadvisor.com,WEB
Clary,ckahlerpn@51.la,Python
Kathrine,kvonderemptenpo@etsy.com,SQL
Papagena,pcomelinipp@ocn.ne.jp,WEB
Osborne,oprodrickpq@jiathis.com,QA
Lolly,lbulliventpr@posterous.com,QA
Mignon,mdanilovps@miibeian.gov.cn,Python
Nicolais,nmullalypt@stanford.edu,SQL
Margareta,mpickancepu@about.me,QA
Hermina,hariespv@ezinearticles.com,WEB
Matty,mflintpw@ihg.com,Java
Brooks,bkellenpx@apache.org,Android
Eugene,ebeezepy@qq.com,Android
Aleksandr,abaseliopz@archive.org,Java
Tybie,truiltonq0@huffingtonpost.com,Android
Arlen,aarlingq1@imgur.com,Android
Dietrich,dchaldecottq2@about.me,Python
Agnola,acrathorneq3@miibeian.gov.cn,WEB
Bartlet,bhugganq4@etsy.com,Python
Ardyce,awickersonq5@ustream.tv,WEB
Maitilde,mfarmiloeq6@liveinternet.ru,Python
Maudie,mmckaneq7@wufoo.com,QA
Alejoa,aingarfillq8@umn.edu,Python
Calvin,cplettq9@jigsy.com,Android
Eldridge,eskelbeckqa@51.la,WEB
Layne,laddekinqb@stumbleupon.com,SQL
Margaretha,mgillhamqc@wired.com,Android
Ansell,ahanqd@loc.gov,Java
Bianka,bwindasqe@who.int,WEB
Davina,dwatkinsqf@oracle.com,WEB
Natassia,nstoffersenqg@si.edu,QA
Lamond,lbreeseqh@amazon.de,SQL
Raven,rflowerqi@ow.ly,WEB
Pate,pvinckqj@blinklist.com,SQL
Derril,dandreolettiqk@apple.com,Python
Gearalt,gbonehillql@yandex.ru,WEB
Garrek,gmilazzoqm@aboutads.info,Python
Doretta,ddigginqn@uiuc.edu,Java
Nada,nwatkinsonqo@berkeley.edu,QA
Avery,adanilowiczqp@zdnet.com,WEB
Millisent,mturbillqq@webs.com,WEB
Della,dgunningqr@noaa.gov,Python
Ches,coconnorqs@sphinn.com,QA
Yolanthe,yanglishqt@weather.com,Java
Gwenette,gmclanequ@tiny.cc,WEB
Celene,cwlochqv@ted.com,Python
Rozalin,renrigoqw@goo.ne.jp,QA
Franky,fkupecqx@va.gov,SQL
Amandi,aflockhartqy@forbes.com,Java
Fidelio,fpersentqz@wikispaces.com,Android
Cicily,cmurreyr0@list-manage.com,Python
Ivie,iungerechtsr1@vk.com,WEB
Eunice,ezackr2@reference.com,QA
Kristina,ksesonr3@state.gov,Java
Blinny,bledekkerr4@dion.ne.jp,Python
Todd,tcapronr5@paginegialle.it,Python
Sally,stumberr6@smh.com.au,QA
Aluin,amithanr7@google.nl,SQL
Arman,adikelsr8@usa.gov,Android
Shandie,sdaileyr9@webnode.com,WEB
Falito,fbarneyra@i2i.jp,WEB
Eddie,emccookrb@sciencedirect.com,Java
Antonella,aedgerleyrc@wikipedia.org,Java
Darline,dschererrd@scientificamerican.com,Python
Edee,eleatherborrowre@netscape.com,WEB
Raye,rungerechtrf@skype.com,Java
Sven,smighelirg@lulu.com,Android
Conrado,cwoosnamrh@unc.edu,Java
Adelaida,aflatteri@tinypic.com,WEB
Kylie,ksprigginrj@eepurl.com,Java
Koralle,kgrandisonrk@scribd.com,Android
Abel,awandrl@elegantthemes.com,Android
Barbara-anne,bandrionirm@wp.com,Android
Becca,bjacquesrn@blogs.com,Python
Mara,mmardero@amazon.co.uk,QA
Meaghan,mchazerandrp@xrea.com,Android
Betty,boscollainrq@yolasite.com,Java
Nicki,nglassfordrr@va.gov,Python
