name,email
Henryetta,hpidgen0@mail.ru
Kris,khaggar1@nba.com
Yanaton,yeversfield2@w3.org
Shaun,sdrivers3@shareasale.com
Moses,mlegge4@51.la
Jamaal,jinsall5@vimeo.com
Pernell,pingyon6@facebook.com
Darb,dsnar7@blogspot.com
Starlin,spithie8@ovh.net
Dulcy,dburniston9@sourceforge.net
Charity,ccanaa@webeden.co.uk
Kessia,kbusb@wikimedia.org
Trstram,tcatherallc@weather.com
Damiano,delvesd@mayoclinic.com
Arlin,amottleye@state.gov
Dar,dbetserf@marketwatch.com
Reid,rdaylyg@odnoklassniki.ru
Godfry,gkelingeh@baidu.com
Abbey,askehensi@techcrunch.com
Ozzy,okohnenj@salon.com
Myron,mdevillek@icio.us
Keir,kkrugerl@hatena.ne.jp
Abigale,aduckelsm@ameblo.jp
Cristin,cmoatn@ning.com
Chase,cruoso@hc360.com
Almeta,arusep@examiner.com
Florencia,fstenbridgeq@yahoo.com
Nicole,njanicijevicr@icio.us
Gwendolen,gcrombs@dion.ne.jp
Davida,dhaibelt@theguardian.com
Kaitlin,kellicombeu@comcast.net
Kellie,kweddellv@cafepress.com
Alikee,ahaggerw@bravesites.com
Cob,cwiddicombex@surveymonkey.com
Helaina,hpriestlandy@sina.com.cn
Vivienne,vmynerz@booking.com
Thedrick,tgrima10@ca.gov
Corbie,cmyerscough11@reference.com
Vina,vdyneley12@google.it
Mureil,msussams13@naver.com
Herbert,hdeakes14@apache.org
Cayla,ciacabucci15@sogou.com
Felicle,fchippindale16@newsvine.com
Timothy,tnoorwood17@prlog.org
Shirley,sswetmore18@mysql.com
Temple,thavard19@wordpress.org
Ave,agerrill1a@soup.io
Eleen,estockwell1b@prlog.org
Nikita,nsimonsson1c@imageshack.us
Evy,econklin1d@hhs.gov
Adelind,atulloch1e@cyberchimps.com
Clarabelle,cmccaull1f@stumbleupon.com
Samantha,sraven1g@whitehouse.gov
Onofredo,opurnell1h@eepurl.com
Sheffy,smcgrorty1i@nasa.gov
Tobe,tjeanesson1j@lulu.com
Danielle,dduesbury1k@cocolog-nifty.com
Wilmar,wphelipeaux1l@amazon.de
Yettie,yairth1m@admin.ch
Timothee,tpren1n@e-recht24.de
Carver,clampet1o@icio.us
Tisha,tmcfaul1p@fda.gov
Whitaker,wmcallan1q@stumbleupon.com
Morey,mmarr1r@list-manage.com
Heddi,hrickersey1s@fastcompany.com
Burt,bbracci1t@nih.gov
Kerstin,kellit1u@symantec.com
Jobie,jclericoates1v@dedecms.com
Jody,jwanek1w@reverbnation.com
Clementia,cdevine1x@g.co
Mimi,mguymer1y@sina.com.cn
Meir,mperot1z@ezinearticles.com
Donna,dhaysey20@kickstarter.com
Jonis,jbratcher21@google.nl
Gilligan,gkemmons22@washingtonpost.com
Melvyn,motowey23@arstechnica.com
Les,llenglet24@booking.com
Dusty,deilhertsen25@about.me
Alfy,amarchment26@symantec.com
Cary,cjakobssen27@washington.edu
Kendal,kstride28@drupal.org
Hamilton,henders29@jimdo.com
Wittie,wvankin2a@microsoft.com
Jessalin,jblodgetts2b@constantcontact.com
Rickey,rcarberry2c@hatena.ne.jp
Dori,dantecki2d@umich.edu
Waylen,wchrestien2e@independent.co.uk
Rafaelia,rdawidman2f@joomla.org
Chickie,cbrunskill2g@twitpic.com
Emmey,elampard2h@goo.ne.jp
Dwain,dgrzesiewicz2i@163.com
Debby,dhamblett2j@state.gov
Morton,mshafe2k@ucoz.com
Estella,epasquale2l@mozilla.com
Nikkie,ntilbury2m@mediafire.com
Alli,atight2n@wp.com
Stillman,srainbird2o@unicef.org
Rosemaria,rbartozzi2p@redcross.org
Goldia,gmcguckin2q@wix.com
Constancy,cdawkins2r@google.nl
Osbourn,odeval2s@time.com
Merrilee,mkarchewski2t@cnet.com
Karlik,klilie2u@so-net.ne.jp
Alix,aghelardoni2v@loc.gov
Minny,mobyrne2w@ucsd.edu
Candra,cbesnard2x@howstuffworks.com
Ely,erashleigh2y@businessweek.com
Amandie,alegrave2z@fastcompany.com
Trudie,tcogin30@google.pl
Thatch,taleksidze31@hatena.ne.jp
Ham,hvirgoe32@theguardian.com
Ginelle,glehrian33@auda.org.au
Jere,jgagie34@surveymonkey.com
Aviva,aconre35@123-reg.co.uk
Holly-anne,hcrufts36@moonfruit.com
Kasey,kmabon37@51.la
Algernon,aburdge38@admin.ch
Kellina,kedmed39@tuttocitta.it
Estella,egillion3a@delicious.com
Shannah,sbraley3b@wunderground.com
Darice,dhemstead3c@addthis.com
Vaughn,vtaillant3d@ftc.gov
Leisha,lrosenboim3e@army.mil
Nelle,ntoten3f@baidu.com
Stanfield,sbehne3g@unblog.fr
Sydelle,syushachkov3h@yolasite.com
Merrel,mwhitby3i@skype.com
Olly,omallabar3j@plala.or.jp
Wilt,wprobey3k@paypal.com
Shantee,spynn3l@chron.com
Marget,mdickon3m@comcast.net
Tim,tconre3n@reddit.com
Evonne,ewordington3o@tripod.com
Ethelbert,eosband3p@soundcloud.com
Shandra,sboncore3q@delicious.com
Quincy,qcorris3r@discovery.com
Charmion,cayrs3s@ow.ly
Freddy,ffalloon3t@imageshack.us
Dorena,dgres3u@ucoz.ru
Dorine,dhewell3v@addtoany.com
Jayme,jtayt3w@amazonaws.com
Wilow,whuebner3x@jimdo.com
Nessa,nfessler3y@desdev.cn
Guthrey,ghaws3z@biblegateway.com
Sampson,skupke40@github.com
Rex,rlangforth41@linkedin.com
Danya,dsandels42@blogtalkradio.com
Mohammed,mglashby43@istockphoto.com
Roxine,rmcisaac44@globo.com
Cal,cbrimmicombe45@miitbeian.gov.cn
Odelinda,orein46@discovery.com
Roi,rblaker47@loc.gov
Annaliese,abarsby48@spiegel.de
Aristotle,awagenen49@ocn.ne.jp
Elysia,ebumpas4a@cnn.com
Dedra,dstonier4b@accuweather.com
Carma,cshewon4c@delicious.com
Thebault,thumbie4d@jigsy.com
Nikki,nrubinfeld4e@blogs.com
Brandi,bkeaton4f@ow.ly
Alidia,ascanderet4g@e-recht24.de
Willi,wmcgloin4h@nbcnews.com
Pyotr,pliverock4i@nba.com
Silvan,sheed4j@tripadvisor.com
Jacquie,jmckimmey4k@prweb.com
Chrysler,cduley4l@microsoft.com
Ingeberg,iczapla4m@state.tx.us
Selena,smacgrath4n@dedecms.com
Thoma,tbraley4o@google.co.jp
Marlon,mcicculini4p@rambler.ru
Lloyd,lgarvill4q@amazon.co.jp
Jaclyn,jgrigolon4r@webmd.com
Lilah,ldambrosio4s@tripadvisor.com
Ricard,raistrop4t@yellowpages.com
Reese,rendean4u@1und1.de
Ham,hdwyer4v@ifeng.com
Aurthur,acurrey4w@timesonline.co.uk
Aluin,ahaines4x@clickbank.net
Craggie,ctreves4y@reverbnation.com
Nehemiah,nfitzhenry4z@lulu.com
Ricki,rbranchflower50@google.co.jp
Marillin,mbocken51@nydailynews.com
Alfy,ajakubovsky52@tinyurl.com
Harmony,hdugood53@howstuffworks.com
Norri,nstorms54@51.la
Elsa,ecamell55@yolasite.com
Darrick,dpagan56@ucla.edu
Rufe,respinheira57@github.io
Devi,dmccarroll58@booking.com
Hogan,hspours59@blog.com
Torrey,thannigane5a@china.com.cn
Guillemette,gfeatonby5b@tumblr.com
Delia,dgherardesci5c@ftc.gov
Babbie,bbachs5d@admin.ch
Valenka,vscrymgeour5e@google.fr
Haley,hgallego5f@aboutads.info
Chick,crapo5g@devhub.com
Doti,darni5h@umich.edu
Kimberli,kspeak5i@businessinsider.com
Francisca,fhebblethwaite5j@go.com
Shaw,sworboys5k@yellowbook.com
Eyde,ehaisell5l@unblog.fr
Celia,cessberger5m@xing.com
Papagena,pkidstoun5n@seattletimes.com
Lowell,lroelofsen5o@sogou.com
Quincey,qwhitten5p@hc360.com
Hilton,hfotheringham5q@eventbrite.com
Alasdair,atremathack5r@miitbeian.gov.cn
Anthia,afriett5s@github.io
Tori,traubenheimers5t@shinystat.com
Brooke,bseakings5u@npr.org
Xenia,xgossipin5v@cocolog-nifty.com
Ardith,ayegorshin5w@g.co
Coriss,csigmund5x@biblegateway.com
Kaylil,kstalman5y@sakura.ne.jp
Monty,msancias5z@springer.com
Shelia,sdealey60@yelp.com
Hurleigh,hcromwell61@bluehost.com
Cosimo,cbrisley62@archive.org
Kile,kcoda63@cbsnews.com
Ellie,elanphere64@usa.gov
Dorella,dslowgrave65@phpbb.com
Andria,adraaisma66@umn.edu
Deanne,dlaughren67@ocn.ne.jp
Donica,dcolnet68@com.com
Valida,vclimar69@mac.com
Rodger,rgorling6a@ycombinator.com
Suzann,sbessell6b@hp.com
Cosetta,cfraczkiewicz6c@shareasale.com
Dewie,dearney6d@irs.gov
Darius,dwittrington6e@narod.ru
Nilson,ndobey6f@themeforest.net
Robyn,rliverock6g@addthis.com
Teodoor,tgammel6h@ft.com
Casi,cgiuron6i@state.tx.us
Sianna,stexton6j@i2i.jp
Rici,rjocic6k@bloomberg.com
Leontine,ldemougeot6l@youtu.be
Ronda,rgrzelewski6m@mtv.com
Mitchel,mmacellar6n@51.la
Inglis,ilefebre6o@cam.ac.uk
Anstice,aoleshunin6p@ifeng.com
Ancell,atrippett6q@jalbum.net
Townsend,tlamzed6r@si.edu
Cleopatra,carnli6s@census.gov
Isabella,idominy6t@deviantart.com
Fabio,fandroletti6u@illinois.edu
Adriaens,aloache6v@alibaba.com
Murdoch,mingray6w@tuttocitta.it
Shirleen,slankester6x@lycos.com
Giffy,gmcmanus6y@admin.ch
Darius,dtopp6z@blogtalkradio.com
Devora,djenno70@admin.ch
Yettie,ymacieiczyk71@amazon.co.uk
Andria,amoncreiffe72@wikimedia.org
Jesse,jlongmaid73@hao123.com
Lenard,lrapa74@reverbnation.com
Melissa,msimo75@infoseek.co.jp
Celinda,cbeardsley76@who.int
Shawn,scollabine77@nasa.gov
Jolynn,jdate78@nymag.com
Salomo,sgreschke79@squarespace.com
Adriana,ahansom7a@usa.gov
Justen,jpullman7b@cafepress.com
Christoffer,cbartholat7c@edublogs.org
Vasili,vkobierski7d@pagesperso-orange.fr
Den,dsiehard7e@deviantart.com
Remington,rtumulty7f@g.co
Georgeanna,gwingatt7g@photobucket.com
Jean,jbartoszewski7h@umn.edu
Bernadene,bcoulthard7i@huffingtonpost.com
Gordy,gseston7j@shinystat.com
Delia,dspavins7k@privacy.gov.au
Scarface,srampage7l@meetup.com
Carmine,chazeup7m@moonfruit.com
Odo,oeidelman7n@jalbum.net
Yard,yziemecki7o@hud.gov
Hubey,hbeales7p@biglobe.ne.jp
Corie,cvalois7q@eepurl.com
Odilia,ocornewall7r@tuttocitta.it
Mayne,mrundall7s@vk.com
Maris,madey7t@indiatimes.com
Waverley,wrangle7u@fema.gov
Barb,bclimer7v@edublogs.org
Jonah,jfoulsham7w@freewebs.com
Linda,lculverhouse7x@cloudflare.com
Hersh,hcrownshaw7y@xinhuanet.com
Hubert,htodd7z@un.org
Mateo,mlawes80@facebook.com
Keen,khallsworth81@paginegialle.it
Billie,bnerger82@blinklist.com
Arturo,ablezard83@so-net.ne.jp
Estrellita,emaccleod84@ning.com
Floyd,fluter85@prnewswire.com
Lynnet,ljoy86@shinystat.com
Fern,fkingsman87@hostgator.com
Victor,vmacandrew88@nydailynews.com
Salvidor,smanna89@comsenz.com
Shena,sshevlin8a@tripod.com
Rica,rgowar8b@seattletimes.com
Patience,pshearston8c@usatoday.com
Rozanne,rwren8d@facebook.com
Rozanne,rratray8e@163.com
Tabbitha,troscow8f@mlb.com
Ki,kgarraway8g@ucla.edu
Daisy,dragot8h@qq.com
Erek,efrontczak8i@behance.net
Merv,mrowbrey8j@intel.com
Elisabet,emees8k@smugmug.com
Royall,rpinhorn8l@theglobeandmail.com
Adelle,agorges8m@hubpages.com
Dulcine,dcavozzi8n@lulu.com
Crista,ctorald8o@nbcnews.com
Eran,ekorbmaker8p@newyorker.com
Irv,idewane8q@desdev.cn
Moshe,mlockwood8r@ovh.net
Mannie,mcannam8s@posterous.com
Poppy,plongbone8t@narod.ru
Allyn,atwopenny8u@webmd.com
Ariadne,afaire8v@amazon.com
Ree,rsparhawk8w@soup.io
Gaylene,gdinsdale8x@irs.gov
Zelig,zasif8y@amazonaws.com
Aime,awoollam8z@squidoo.com
Netta,nby90@weebly.com
Rhodie,rjanssen91@blog.com
Verney,vpontain92@51.la
Anatole,acreffield93@shinystat.com
Nicolis,nocurrigan94@prnewswire.com
Kizzie,khyman95@list-manage.com
Jami,jmayling96@deliciousdays.com
Sandie,svasilchenko97@amazon.com
Emilie,ekelshaw98@plala.or.jp
Con,cfitt99@apple.com
Florida,fphelps9a@arizona.edu
Boothe,bdorning9b@theglobeandmail.com
Chancey,cbrewitt9c@github.io
Jan,jebbotts9d@prweb.com
Jacinthe,jknowlson9e@washingtonpost.com
Keven,ksallan9f@blog.com
Lura,lkaas9g@google.com.hk
Glyn,gmanwaring9h@nhs.uk
Liesa,lbahia9i@noaa.gov
Hershel,hjaskowicz9j@indiatimes.com
Ethelin,efinding9k@sina.com.cn
Consolata,cbagnold9l@oracle.com
Aleta,apiddletown9m@yahoo.com
Aurthur,apartleton9n@youtube.com
Ines,igrocutt9o@google.com.br
Shandeigh,sarton9p@fc2.com
Rubin,rcruxton9q@omniture.com
Pepita,pyerborn9r@feedburner.com
Morena,mgrayling9s@clickbank.net
Florette,fmcalroy9t@sfgate.com
Marthe,mclendening9u@adobe.com
Alec,astutard9v@biblegateway.com
Daphene,dethridge9w@google.com.br
Helaine,hdykas9x@cbsnews.com
Dolley,dollander9y@live.com
Fey,fdundon9z@ca.gov
Stillmann,sstraina0@columbia.edu
Dorthy,dscholza1@adobe.com
Beau,bameerbega2@smugmug.com
Tracey,twritera3@bizjournals.com
Shina,sschiesterla4@smugmug.com
Mitzi,msponga5@jimdo.com
Kittie,kgorgera6@mit.edu
Trefor,tviberta7@printfriendly.com
Allan,apulstera8@si.edu
Phillipe,pprydea9@indiegogo.com
Jonell,jlummaa@t-online.de
Terri-jo,tmusslewhiteab@tuttocitta.it
Aloysia,alorenziniac@nymag.com
Byrle,bkleinhautad@arizona.edu
Rosalynd,rghioneae@google.de
Roz,rkaasaf@oracle.com
Lorena,ldarbeyag@tuttocitta.it
Stephi,spavineseah@nytimes.com
Curtice,crowcastleai@hp.com
Archibald,ahurrellaj@google.nl
Bayard,bbonhamak@woothemes.com
Nadine,nwitherbedal@indiatimes.com
Marcelo,mwrigleyam@1688.com
Arni,ariddochan@cornell.edu
Elita,etandyao@instagram.com
Moira,mnavarreap@dion.ne.jp
Romy,rcapstakeaq@mysql.com
Gaspard,gvanarsdalear@hugedomains.com
Jan,jstrutleyas@mayoclinic.com
Che,cdeemingat@hao123.com
Vinny,vcastelynau@youtu.be
Johnathon,jieldenav@google.nl
Gamaliel,gnormabellaw@wunderground.com
Kain,kgrendonax@unicef.org
Elmer,ehandscombay@forbes.com
Von,vbortoluttiaz@cargocollective.com
Deanne,dwestbyb0@upenn.edu
Thibaud,tnillesb1@prlog.org
Reube,radrienb2@china.com.cn
Will,wewdaleb3@mozilla.org
Willis,wsembleb4@yahoo.com
Costa,cbaldrickb5@yahoo.com
Raphaela,rcabralesb6@artisteer.com
Xavier,xlucianb7@boston.com
Joshuah,jpeperellb8@icio.us
Mela,mrandalb9@foxnews.com
Conchita,ckristofba@bravesites.com
Allix,astokellbb@github.com
Jourdain,jgoltonbc@unicef.org
Bald,boldfieldcherrybd@slideshare.net
Nickie,nridolfobe@xing.com
Ashil,aemmerbf@icq.com
Jobye,jtemblettbg@odnoklassniki.ru
Libbie,lcosgriffbh@ucsd.edu
Jerry,jwaytbi@symantec.com
Gris,gdohrbj@gmpg.org
Florry,fmidghallbk@mapquest.com
Kendre,kstannerbl@illinois.edu
Charleen,ctunniclissebm@businessweek.com
Breena,beassebybn@people.com.cn
Shina,scuradobo@cloudflare.com
Madelaine,mkingcotebp@deviantart.com
Aleda,arosenfeltbq@canalblog.com
Mile,mrowbreybr@apache.org
Wylma,wmortelbs@sogou.com
Danice,damarbt@fc2.com
Jeffy,jfarriarbu@state.tx.us
Denny,dboughtonbv@1688.com
Zilvia,zmighelebw@last.fm
Tabbie,tmerrileesbx@guardian.co.uk
Kesley,kclarabutby@scientificamerican.com
Steffi,seelesbz@yandex.ru
Xena,xewbanksc0@diigo.com
Ania,ajenckenc1@dyndns.org
Fanchon,fsidneyc2@forbes.com
Guthrey,gkillelayc3@prweb.com
Avivah,abetancourtc4@biglobe.ne.jp
Emili,ehartlessc5@howstuffworks.com
Cece,cwoodyattc6@reference.com
Brendan,bthreaderc7@netvibes.com
Waring,wcasaric8@squidoo.com
Conrad,ccottrellc9@ocn.ne.jp
Natassia,nblannca@woothemes.com
Sterling,sbenwellcb@bluehost.com
Brinn,bwellmancc@loc.gov
Kerby,kepsleycd@nhs.uk
Lavina,lgramerce@livejournal.com
Richardo,rnarduccicf@nyu.edu
Myrlene,mlansdalecg@deliciousdays.com
Mathew,mstookech@slideshare.net
Dino,dfiggessci@webs.com
Smith,scampioncj@adobe.com
Giavani,gkimmingsck@woothemes.com
Fax,fhammondcl@miitbeian.gov.cn
Vale,vmcilrathcm@tuttocitta.it
Brien,bmcginnellcn@photobucket.com
Micheline,mvassanoco@bbb.org
Hadlee,hgoodwellcp@timesonline.co.uk
Tobye,tetheringtoncq@symantec.com
Fransisco,fcruzcr@nytimes.com
Millicent,mpaleycs@hugedomains.com
Faydra,fbertomierct@tripod.com
Marcelline,mfranzonellocu@wikipedia.org
Caterina,clevertoncv@wix.com
Cherlyn,ccurrancw@sitemeter.com
Marius,mlinskillcx@cbslocal.com
Allianora,anoellcy@youtube.com
Lucita,lhuncotecz@delicious.com
Germain,glerigod0@skype.com
Ruthe,rdundredged1@cbc.ca
Aguistin,asirettd2@artisteer.com
Giacomo,gcumined3@1688.com
Anallise,atimbrelld4@imdb.com
Skip,smumbyd5@npr.org
Mag,mlepperd6@forbes.com
Georgette,gbreckend7@army.mil
Gwenneth,gwoollind8@apple.com
June,jkirtlandd9@java.com
Bail,bburgisida@slashdot.org
Silvio,scockerelldb@typepad.com
Rustie,rfarnilldc@google.com
Nelia,nrojdd@hud.gov
Brnaby,blewseyde@ameblo.jp
Quintina,qcallerdf@mtv.com
Emmaline,esevernsdg@usnews.com
Ezequiel,emcarddh@free.fr
Loni,lexelbydi@yahoo.co.jp
Cati,cfidodj@addtoany.com
Dillon,dkeuntjedk@dagondesign.com
Lianna,lsneesbydl@fotki.com
Mack,mbasdendm@hao123.com
Raphaela,rzannidn@infoseek.co.jp
Christoffer,cstempdo@goo.gl
Cletis,ceaddp@addtoany.com
Julio,jzannuttidq@kickstarter.com
Lela,lsatterleedr@jalbum.net
Elisabet,edelahuntds@spiegel.de
Danny,dserginsondt@hibu.com
Marty,mcahalandu@oracle.com
Orrin,oyankindv@amazonaws.com
Sibley,svannoortdw@ucla.edu
Brenda,bimlendx@angelfire.com
Flynn,fconachiedy@china.com.cn
Cord,cgaultdz@ucoz.ru
Errick,ebreckene0@usda.gov
Roxanne,rskirrowe1@ox.ac.uk
Barnabas,btisune2@google.nl
Sabrina,sbucke3@ft.com
Di,dhopkynsone4@histats.com
Hollie,hporkisse5@myspace.com
Arnaldo,afletchere6@bbc.co.uk
Lanie,lcotese7@foxnews.com
Felipa,fspelsburye8@privacy.gov.au
Cheston,cdeye9@aboutads.info
Vic,vblackeslandea@bloglovin.com
Keary,kstorereb@jiathis.com
Wanda,wgawlerec@msu.edu
Bryon,bwycharded@pinterest.com
Pete,pwollacottee@ebay.co.uk
Ingaborg,ipennicottef@desdev.cn
Rosana,rdambrogioeg@hhs.gov
Frans,flandsburyeh@rakuten.co.jp
Melisande,mgrievsonei@usatoday.com
Benjamen,bpileej@parallels.com
Charo,ccoonanek@berkeley.edu
Jennie,jleyesel@latimes.com
Guinna,gscannellem@blogspot.com
Teodoor,tcreavinen@nature.com
Virge,vpeekeo@state.tx.us
Hercules,hfeatherbyep@furl.net
Manya,mkirtleyeq@smh.com.au
Lira,lvynaller@creativecommons.org
Brita,baloshkines@upenn.edu
Jeannine,jlambaet@umich.edu
Towny,tchildeu@ameblo.jp
Annie,asaillev@biblegateway.com
Joete,jbjerkanew@is.gd
Blakeley,bbramerex@tripod.com
Shayne,sroosoney@lycos.com
Pandora,plyneez@parallels.com
Ethelin,earnlif0@ted.com
Burg,bdouthwaitef1@elpais.com
Xenia,xrenhardf2@nhs.uk
Eugenio,etallf3@opera.com
Prudence,psoutherellf4@umich.edu
Christine,cbarocf5@over-blog.com
Carolus,cbaxstarf6@samsung.com
Jeanette,jpetraitisf7@fda.gov
Clare,clequesnef8@mayoclinic.com
Fulvia,fwoolcocksf9@gov.uk
Shelley,seytonfa@jimdo.com
Pren,pfurlongefb@yandex.ru
Ruthann,rcurringtonfc@kickstarter.com
Chadd,cmoricanfd@nsw.gov.au
Federico,fwakleyfe@eepurl.com
Bayard,bcuolahanff@webnode.com
Lianne,lmottinifg@delicious.com
Nonah,nlagrangefh@washington.edu
Janel,jbresnerfi@youtube.com
Hanni,hcleeffj@kickstarter.com
Arnold,ahelmfk@nifty.com
Esma,edawidfl@naver.com
Leila,lorrillfm@unicef.org
Erskine,echapelhowfn@scribd.com
Josephina,jbromigefo@cam.ac.uk
Barbabra,bcoltmanfp@technorati.com
Bria,bburnagefq@java.com
Rolf,rbartlomiejfr@noaa.gov
Marion,mfruchonfs@cornell.edu
Davon,dsommerfeldft@exblog.jp
Faina,fjoratfu@cargocollective.com
Iggy,ioselandfv@microsoft.com
Eachelle,etaylorfw@ca.gov
Conn,cbreukelmanfx@wisc.edu
Melony,mdowneyfy@narod.ru
Kirstyn,khagstonefz@scientificamerican.com
Sheila-kathryn,sbrigshawg0@tmall.com
Blair,bcraikg1@china.com.cn
Nerti,nschukertg2@ucoz.ru
Sloane,scatog3@elegantthemes.com
Johny,juttermareg4@washingtonpost.com
Jacklin,jdemitrig5@lycos.com
Chrissy,csyphusg6@alexa.com
Deeanne,djealg7@census.gov
Jaynell,jlobeg8@reddit.com
Griffin,gverbeekg9@nba.com
Kalle,kskellingtonga@alibaba.com
Neille,nroystegb@usda.gov
Blaine,bdiscombegc@angelfire.com
Lemuel,lfalcogd@time.com
Basil,bstuckege@github.com
Dorita,dcokaynegf@livejournal.com
Wolf,wspaduzzagg@dagondesign.com
Yvor,ystaddinggh@prnewswire.com
Marnie,mgrannellgi@mediafire.com
Angel,arandersongj@theatlantic.com
Myra,mstarrsgk@alibaba.com
Jelene,jpilchgl@odnoklassniki.ru
Monro,mblanchettegm@ning.com
Salim,snorcliffegn@goodreads.com
Pavla,ppalisergo@harvard.edu
Brade,bbaylissgp@typepad.com
Benedetta,bgatecliffgq@flavors.me
Wally,wroslengr@cpanel.net
Corly,ccalabrygs@nydailynews.com
Jess,jborrisgt@clickbank.net
Rafaelita,rricardgu@blogs.com
Dawna,daberdeengv@ezinearticles.com
Nickolai,nbondergw@ft.com
Broddie,bhutchensgx@shop-pro.jp
Kaleb,kczadlagy@cbsnews.com
Trista,tczajkowskagz@youtu.be
Cal,cmoakesh0@canalblog.com
Jeramie,jpobjayh1@goo.ne.jp
Winni,wpaurh2@hc360.com
Reuben,rtruelockh3@surveymonkey.com
Nanette,ntiffneyh4@wordpress.org
Mallory,mspilsteadh5@apache.org
Maribelle,mjeynessh6@fotki.com
Farand,ffruchonh7@ovh.net
Wallas,wveallh8@microsoft.com
Adan,ayitzhakovh9@google.nl
Hedwiga,htuplingha@bluehost.com
Merna,mpriorhb@columbia.edu
Bamby,bdentyhc@gmpg.org
Darsey,dshevlanhd@miitbeian.gov.cn
Jesus,jjoscelynhe@comcast.net
Alastair,ajoaohf@deliciousdays.com
Felisha,ffriarhg@newsvine.com
Adriena,azipsellhh@newyorker.com
Giovanna,gslaytonhi@apache.org
Erl,ejamothj@paypal.com
Ardelia,adommersenhk@about.com
Randolph,rtandeyhl@macromedia.com
Sibelle,spereshm@zimbio.com
Deeanne,dhallewellhn@ustream.tv
Rhonda,rdeminicoho@fotki.com
Danny,dbricketthp@microsoft.com
Keri,kmardallhq@berkeley.edu
Patience,pesterbrookhr@sourceforge.net
Dorey,driggeardhs@blogs.com
Dayle,dyeatmanht@sina.com.cn
Clay,cdekeyserhu@imgur.com
Glad,gevequothv@google.com.hk
Happy,hmoodiehw@issuu.com
Wynne,weasteshx@mit.edu
Nadine,ngherardinihy@sbwire.com
Nils,nsarneyhz@tinyurl.com
Ev,edebernardii0@harvard.edu
Powell,prunciemani1@shop-pro.jp
Joni,jughettii2@deliciousdays.com
Dame,dfrancescuccioi3@webmd.com
Sissy,ssabbertoni4@state.gov
Henka,hducaeni5@amazon.co.jp
Opal,oleachmani6@phoca.cz
Meir,mslorancei7@ebay.co.uk
Dody,dmcluckiei8@miitbeian.gov.cn
Abbie,aduchateaui9@quantcast.com
Bathsheba,bheersemaia@webs.com
Kahaleel,kfortonib@intel.com
Mireielle,meakensic@google.ru
Ediva,estockillid@lycos.com
Brittany,bbowryie@berkeley.edu
Doug,dcroughanif@goo.ne.jp
Phillip,pseintig@posterous.com
Kalli,kgannicleffih@technorati.com
Donnell,dbartulii@wiley.com
Griffy,gferrarettoij@blinklist.com
Aeriel,amcgonigleik@eventbrite.com
Maye,mkohrdingil@parallels.com
Mandy,mmarioneauim@springer.com
Bentley,bphilippetin@bluehost.com
Cornie,cbothieio@paypal.com
Vincents,vhearleip@ucoz.com
Storm,sjedrachowicziq@answers.com
Ricki,rkellerir@msu.edu
Dorry,dlyleis@theglobeandmail.com
Jodie,jwavishit@hibu.com
Shannan,sahreniusiu@sciencedirect.com
Pippy,pmadrelliv@wufoo.com
Larine,lyearroniw@addtoany.com
Nita,nskudderix@domainmarket.com
Cecile,cpenhearowiy@pcworld.com
Elga,emoffiz@msn.com
Fran,fcordallj0@nps.gov
Benetta,btonryj1@barnesandnoble.com
Nada,nokuddyhyj2@google.com.br
Blinnie,bwhitwellj3@google.nl
Davide,dsalmonj4@slashdot.org
Ruthie,rhebbronj5@amazon.co.jp
Minor,mhairsinej6@qq.com
Maegan,mmabonej7@aol.com
Hallsy,hbezantsj8@t.co
Bradly,bfawkej9@wisc.edu
Lew,lkileyja@archive.org
Jammal,jwinfreyjb@parallels.com
Gideon,gfenelonjc@ibm.com
Ab,aalmondjd@cdbaby.com
Drusi,dbaynesje@omniture.com
Shir,sflockhartjf@sun.com
Lethia,lledgerjg@discovery.com
Rich,rovittsjh@amazon.com
Omero,oedonji@infoseek.co.jp
Jim,jdonneljj@ft.com
Kevan,kstovejk@acquirethisname.com
Gilemette,gbrumbiejl@cyberchimps.com
Melony,mcramptonjm@foxnews.com
Vivianne,vtitheringtonjn@linkedin.com
Ettore,emaccaugheyjo@technorati.com
Mariejeanne,mgoomsjp@addthis.com
Gauthier,gprandojq@walmart.com
Ainslie,amandeljr@ted.com
Boigie,bburgerjs@comsenz.com
Pauli,plaugierjt@shinystat.com
Eduard,etinnerju@com.com
Hyacinthe,hlimmerjv@sciencedirect.com
Farr,fmaplestonejw@redcross.org
Jeremiah,jmordyjx@slashdot.org
Maxy,mnewejy@imageshack.us
Daisie,dcluerjz@yellowpages.com
Jolyn,jstariesk0@si.edu
Ode,opapisk1@addtoany.com
Judd,jjewelk2@pen.io
Ora,owetherilk3@hud.gov
Skip,sprickettk4@google.ru
Elonore,esimoniank5@dion.ne.jp
Dario,dtompkinsonk6@yahoo.co.jp
Meridel,mchidzoyk7@digg.com
Sherlock,sbirdenk8@amazonaws.com
Adeline,awinesk9@privacy.gov.au
Katalin,kheugelka@lycos.com
Shem,swabererkb@topsy.com
Robers,rbleythinkc@creativecommons.org
Wait,wdelaperrellekd@reddit.com
Teodor,tattawayke@themeforest.net
Ashlin,aboothekf@myspace.com
Carmine,cscallykg@arstechnica.com
Haily,hridgeskh@discovery.com
Noel,nboggishki@merriam-webster.com
Dell,dlemerlekj@cornell.edu
Shani,sdisleykk@ask.com
Merrile,mallsupkl@goo.ne.jp
Cassondra,ccastiellokm@github.io
Lawton,ltantumkn@abc.net.au
Alma,avigrassko@plala.or.jp
Aprilette,alatimerkp@blogger.com
Sandor,sstonmankq@squidoo.com
Wayland,wbolderstonekr@google.es
Reagan,rmounfieldks@ucoz.ru
Wilmer,wshafierkt@netvibes.com
Martha,mburwinku@wix.com
Tamera,tparamorkv@umn.edu
Bale,bhuxleykw@mayoclinic.com
Iggie,ifairheadkx@cisco.com
Ronnie,rfabbriky@arizona.edu
Caleb,croganskz@wired.com
Dyna,djeandell0@ted.com
Charmaine,ckyteleyl1@marriott.com
Urban,umacalesterl2@blogs.com
Angie,abucknerl3@jigsy.com
Vinny,vjorgel4@scientificamerican.com
Ruben,rdanielczykl5@dmoz.org
Irvin,ibenbowl6@oracle.com
Martino,mbonifantl7@buzzfeed.com
Aigneis,alovejoyl8@cdc.gov
Janela,jnergerl9@cocolog-nifty.com
Rollie,rspainla@bing.com
Jarred,jfibbenslb@auda.org.au
Vernor,vkinmondlc@e-recht24.de
Hughie,hguiduzzild@de.vu
Bertie,bmcerlainele@ftc.gov
Deanna,dslynelf@engadget.com
Falito,fkinmanlg@squidoo.com
Washington,wcecchilh@360.cn
Gianina,gvanderveldenli@businesswire.com
Terencio,tcorsslj@vk.com
Lorri,lyanuklk@constantcontact.com
Fionna,ftilbrookll@rakuten.co.jp
Baudoin,bsimeklm@com.com
Bing,btunnickln@unicef.org
Rochester,rrowlinsonlo@sitemeter.com
Stanfield,smycocklp@youtube.com
Becca,bswantonlq@surveymonkey.com
Temp,tmcleodlr@meetup.com
Kiri,kmazzillils@prlog.org
Issiah,idrinkhalllt@plala.or.jp
Robers,rdowbigginlu@opensource.org
Jason,jabeaulv@mit.edu
Rudolph,rhannentlw@google.cn
Alexi,apavloviclx@jigsy.com
Rafaela,rridsdalely@artisteer.com
Marysa,mbaconlz@jugem.jp
Dianna,dmackimmm0@epa.gov
Baily,bnuemannm1@wufoo.com
Gerladina,gloughrenm2@scientificamerican.com
Sheffy,sguthrumm3@yelp.com
Ernesto,edillistonm4@oaic.gov.au
Dyanne,dgaskerm5@1und1.de
Vicky,vetridgem6@marriott.com
Saundra,ssmalridgem7@e-recht24.de
Nydia,nkilgallenm8@taobao.com
Marielle,mregnardm9@fc2.com
Chris,clowma@vistaprint.com
Maisie,mrevellemb@domainmarket.com
Nathalia,nkainzmc@utexas.edu
Guglielma,gjonesmd@youtube.com
Dodi,droadsme@amazonaws.com
Nevil,nclissellmf@cisco.com
Morlee,mmchirriemg@ucla.edu
Bruce,bswansonmh@themeforest.net
Sindee,smcgonaglemi@prweb.com
Blane,bmooringmj@dell.com
Hall,hmoulsdalemk@cdbaby.com
Allianora,aerrichelliml@t.co
Romy,reynaldmm@imgur.com
Welch,wbarockmn@aol.com
Allissa,abuddingtonmo@thetimes.co.uk
Perry,ppondjonesmp@craigslist.org
Maurita,mdiluciamq@wikipedia.org
Donella,deinchcombemr@samsung.com
Deva,dsimonuttims@cargocollective.com
Hughie,hcarrenmt@drupal.org
Brena,bzorenermu@google.com.hk
Jobi,jrizzettimv@ibm.com
Rodolph,riacovuzzimw@apple.com
Edita,edeluzemx@macromedia.com
Nana,nbussymy@google.de
Pat,pridgersmz@wikipedia.org
Gal,gcreaseyn0@nydailynews.com
Nickey,ntackelln1@psu.edu
Chloris,csimeolin2@wp.com
Maible,mconstantn3@linkedin.com
Bailey,bmeekinsn4@is.gd
Bron,binchann5@issuu.com
Dorella,dhackleyn6@paypal.com
Marja,mwhittingtonn7@hp.com
Conan,cgrimwadn8@google.com.br
Colby,cdubarryn9@yellowbook.com
Nevin,nivanitsana@jalbum.net
Madelyn,mmiddlenb@youku.com
Adan,aeaglenc@ca.gov
Sarita,smorefieldnd@google.com.au
Harman,hfewlessne@yahoo.co.jp
Dorie,dvoyseynf@webnode.com
Whitney,worfordng@google.co.uk
Rosalinda,rvaggsnh@prnewswire.com
Bella,bfollanni@istockphoto.com
Roscoe,rhoppnernj@mediafire.com
Dasie,dpiersnk@theglobeandmail.com
Hoyt,hpleatnl@wikia.com
Carie,chardimannm@tmall.com
Ninette,nkikenn@sfgate.com
Dee dee,dabramoviczno@joomla.org
Ab,alutonp@fotki.com
Wendie,wcouchnq@cnbc.com
Hobart,hlemarchandnr@list-manage.com
Carlye,cdummettns@ustream.tv
Charline,cmcmurtyrnt@bandcamp.com
Brooke,bmurfinnu@auda.org.au
Jonell,jschuhnv@globo.com
Brunhilde,bburchfieldnw@tuttocitta.it
Alix,apretornx@howstuffworks.com
Terri,tliversageny@networksolutions.com
Jodi,jsiggeenz@studiopress.com
Marne,mfearnsideso0@com.com
Hadlee,hcapono1@clickbank.net
Lelah,lbickstetho2@issuu.com
Dawn,dtaceyo3@imageshack.us
Jamie,jjosilevicho4@answers.com
Donaugh,dcrusto5@yolasite.com
Donia,dmcterrellyo6@ox.ac.uk
Dorine,dcohanio7@wufoo.com
Loraine,lschohiero8@usatoday.com
Bennett,bcatanheirao9@github.io
Giorgia,gfoukxoa@digg.com
Harlin,hrillattob@amazon.com
Frans,fgwynethoc@instagram.com
Sabina,svonhindenburgod@diigo.com
Barbabra,bharmantoe@amazon.de
Zelma,zhazelhurstof@virginia.edu
Conny,crowneyog@addthis.com
Melony,msiveteroh@domainmarket.com
Dixie,ddewaneoi@vkontakte.ru
Sherlocke,sgreedyeroj@cnn.com
Skylar,sdenneyok@yale.edu
Christian,cfossickol@mozilla.org
Tracee,trosenhauptom@latimes.com
Davie,ddieganon@apache.org
Ilyssa,ipietruszkaoo@gmpg.org
Michel,mmccordop@forbes.com
Indira,idibolloq@geocities.jp
Richart,rwindebankor@exblog.jp
Tera,tlestrangeos@hibu.com
Herrick,hjacmarot@google.pl
Sisile,slangranou@wp.com
Gard,gwakerov@paginegialle.it
Jacobo,jdibdaleow@addthis.com
Mari,mgoviniox@themeforest.net
Gilbertine,gkennifickoy@ftc.gov
Alick,akopferoz@is.gd
Silvain,sbuntinep0@squarespace.com
Kelley,kdouberdayp1@amazon.com
De,ddowntonp2@last.fm
Kevyn,kfinleyp3@sciencedirect.com
Colet,cwardhoughp4@dell.com
Hillel,hwhybrowp5@arstechnica.com
Creigh,clargenp6@census.gov
Keslie,kaulsfordp7@multiply.com
Debor,dpedlerp8@wikimedia.org
Shayne,sblenchp9@npr.org
Florentia,flevinpa@networkadvertising.org
Link,lboheypb@go.com
Bronny,bsherbournepc@twitter.com
Michelina,mbartolomuccipd@aboutads.info
Raul,rlofthousepe@biglobe.ne.jp
Gal,grothmanpf@e-recht24.de
Sylvester,smelmarpg@soundcloud.com
Karim,kfikeph@mayoclinic.com
Caesar,cheinertpi@discuz.net
Cy,cironmongerpj@odnoklassniki.ru
Anatollo,acotheypk@technorati.com
Korrie,kratnagepl@dailymail.co.uk
Lianne,lmariyushkinpm@4shared.com
Roshelle,rskelhornepn@nydailynews.com
Julieta,jbunnpo@people.com.cn
Aron,aortellspp@ucla.edu
Mil,mstedallpq@disqus.com
Candis,coruddenpr@fda.gov
Flori,ftenpennyps@state.tx.us
Kelcie,knixonpt@redcross.org
Jeth,jrossiterpu@google.ca
Etti,ealvarezpv@parallels.com
Eveleen,erenadpw@plala.or.jp
Waldo,wwalklingpx@exblog.jp
Bondon,bpalerpy@latimes.com
Corrina,cwahlbergpz@hexun.com
Kilian,kaykroydq0@unblog.fr
Jesse,jkitteridgeq1@nsw.gov.au
Creight,clambertsq2@ibm.com
Caitlin,csheberq3@theglobeandmail.com
Archibaldo,awardallq4@pcworld.com
Danna,dduckerq5@walmart.com
Naoma,nkezarq6@vkontakte.ru
Bartram,bbillyardq7@earthlink.net
Bev,bmulvyq8@oaic.gov.au
Gamaliel,gmcneelyq9@google.it
Currey,corrinqa@g.co
Luisa,lbruggerqb@gizmodo.com
Pat,pnurdenqc@hibu.com
Terese,tpindarqd@hostgator.com
Pace,pconewqe@domainmarket.com
Karoly,kmakiverqf@dropbox.com
Winny,wwiersmaqg@irs.gov
Gilda,gmenereqh@canalblog.com
Hanny,hjorgqi@statcounter.com
Donnie,dsheardownqj@cbslocal.com
Carol,crolfeqk@timesonline.co.uk
Aundrea,akarpolql@g.co
Phip,phuyhtonqm@parallels.com
Noella,ndukelowqn@sfgate.com
Nesta,nfessbyqo@vk.com
Georgy,gebbinsqp@webmd.com
Gian,gbarlesqq@kickstarter.com
Annnora,ameddowsqr@istockphoto.com
Sal,sdaelmanqs@blinklist.com
Tallia,tcarnockqt@godaddy.com
Claudius,ccreberqu@vistaprint.com
Lonny,lblenkironqv@list-manage.com
Griz,gduffieldqw@epa.gov
Den,dpyleqx@delicious.com
Rasla,rstuckesqy@opera.com
Nikola,nerwinqz@forbes.com
Gretal,gboaterr0@independent.co.uk
Jobyna,jlumsdenr1@chicagotribune.com
Michaelina,mwinterfloodr2@theglobeandmail.com
Mel,mprudhamr3@wordpress.org
Ginnifer,gthatchamr4@chicagotribune.com
Hazlett,hdarkr5@apache.org
Winthrop,wdykinsr6@stanford.edu
Pierette,promeror7@deliciousdays.com
Jocelin,jfumagallir8@blogtalkradio.com
Estella,ekannr9@whitehouse.gov
Charlene,cphillcoxra@msu.edu
Jaquelyn,jdykesrb@dedecms.com
Gavra,gpaulichrc@51.la
Hagen,htiernyrd@joomla.org
Pris,pcargonre@webeden.co.uk
Thurston,thandesrf@techcrunch.com
Arney,ahuskissonrg@ihg.com
Lorenza,ldomanekrh@weebly.com
Brennan,basalsri@bloomberg.com
Hanni,hmaesrj@columbia.edu
Orville,olembrickrk@desdev.cn
Hally,htuleyrl@bluehost.com
Sunshine,sstoborm@chron.com
Laurent,ldunicanrn@bbc.co.uk
Abbott,abalfrero@oakley.com
Patten,pruprechterrp@macromedia.com
Philly,pprettymanrq@google.com.hk
Brianne,bcraddyrr@unc.edu
