id,name,email,employment_date
1,Beatrix,bsmallpeice0@netlog.com,8/5/2025
2,Giovanna,gtickel1@seesaa.net,9/15/2024
3,Mick,mmahedy2@csmonitor.com,10/10/2024
4,Estell,egranleese3@squarespace.com,2/17/2025
5,Vina,vhudspeth4@w3.org,12/24/2024
6,Boone,baxten5@addthis.com,2/18/2025
7,Julienne,jewence6@bigcartel.com,1/10/2025
8,Tremain,troughley7@yandex.ru,9/8/2025
9,Kary,kmcglynn8@liveinternet.ru,11/17/2024
10,Towny,tbennike9@elpais.com,6/4/2025
11,Marj,mswaytona@cnbc.com,4/10/2025
12,Lissy,lquinaneb@nba.com,8/2/2025
13,Jamey,jhartburnc@cbsnews.com,11/14/2024
14,Moshe,mboord@myspace.com,11/28/2024
15,Broderic,bmethuene@facebook.com,11/8/2024
16,Juanita,jschwerinf@dailymail.co.uk,2/7/2025
17,Floyd,fastlettg@homestead.com,2/8/2025
18,Babs,bhalpinh@newyorker.com,1/12/2025
19,Christiane,ckisbyi@google.ru,10/5/2024
20,Xymenes,xbroskej@fema.gov,3/19/2025
21,Rubie,rwigfallk@microsoft.com,3/14/2025
22,Carr,cferneyhoughl@toplist.cz,5/21/2025
23,Arielle,alanchberym@spotify.com,12/28/2024
24,Rowland,rkhotlern@yellowpages.com,12/1/2024
25,Lewie,lbeviro@mail.ru,3/20/2025
26,Tucky,tthurbyp@storify.com,8/25/2025
27,Nina,nboyseq@reuters.com,10/30/2024
28,Sisely,sfilochovr@mapy.cz,1/9/2025
29,Kizzie,kfeldhorns@imgur.com,10/26/2024
30,Inge,idecarterett@amazon.de,12/19/2024
31,Lacee,lgantlettu@vkontakte.ru,4/5/2025
32,Ameline,anollerv@geocities.com,11/8/2024
33,Arabele,agaiterw@mashable.com,12/5/2024
34,Lauretta,lleddiex@liveinternet.ru,9/11/2025
35,Rainer,rfearony@vk.com,12/2/2024
36,Ramon,reastridgez@barnesandnoble.com,7/19/2025
37,Nessie,ncusiter10@upenn.edu,7/26/2025
38,Boycey,bmarvelley11@indiegogo.com,3/12/2025
39,Belicia,bandryushchenko12@soup.io,3/5/2025
40,Corie,cwilshaw13@sakura.ne.jp,10/20/2024
41,Gerome,gguillet14@posterous.com,4/12/2025
42,Marthe,mconeybeer15@seesaa.net,11/20/2024
43,Georgia,ghaycox16@i2i.jp,7/31/2025
44,Tiena,trigmand17@nationalgeographic.com,10/2/2024
45,Brandais,bskeermor18@usgs.gov,9/18/2024
46,Lana,ltomasik19@tiny.cc,2/8/2025
47,Jess,jhove1a@bloglines.com,8/19/2025
48,Giffard,gbernardeschi1b@phpbb.com,1/7/2025
49,Claire,cbote1c@printfriendly.com,7/15/2025
50,Krista,kfloweth1d@adobe.com,6/9/2025
51,Zebulen,ztollet1e@indiegogo.com,7/14/2025
52,Pearl,pdovidian1f@boston.com,3/6/2025
53,Chucho,cjuarez1g@wired.com,5/21/2025
54,Debbie,dwrightem1h@hhs.gov,3/31/2025
55,Elmira,estute1i@epa.gov,8/15/2025
56,Shelton,sdryden1j@google.ca,5/5/2025
57,Georges,gclementson1k@weebly.com,11/17/2024
58,Arman,abunt1l@jalbum.net,11/7/2024
59,Trumann,thaddleston1m@domainmarket.com,11/25/2024
60,Lynnett,lkerwood1n@tuttocitta.it,6/21/2025
61,Evangelia,educhant1o@reddit.com,4/19/2025
62,Millisent,mantonin1p@ihg.com,2/4/2025
63,Emmet,esandercock1q@tinypic.com,1/16/2025
64,Davy,dstrelitzer1r@xrea.com,3/1/2025
65,Stearn,sjales1s@time.com,11/1/2024
66,Kristal,kdelgaty1t@flickr.com,8/26/2025
67,Alisun,aasson1u@nba.com,2/8/2025
68,Blaine,bdews1v@netlog.com,2/7/2025
69,Anabelle,amidlane1w@si.edu,4/10/2025
70,Ellary,ecorbert1x@archive.org,3/16/2025
71,Gian,gbasten1y@ucla.edu,6/12/2025
72,Maurie,mpanner1z@oakley.com,4/30/2025
73,Sharity,sgoodyear20@nydailynews.com,1/30/2025
74,Jany,jlidbetter21@bizjournals.com,4/24/2025
75,Michaela,mluckie22@guardian.co.uk,11/30/2024
76,Jorrie,jlippard23@flickr.com,4/28/2025
77,Ebenezer,edassindale24@youku.com,3/24/2025
78,Charmine,cgunney25@moonfruit.com,4/19/2025
79,Sybil,sgalea26@1und1.de,9/24/2024
80,Lilllie,lickov27@intel.com,9/21/2024
81,Clarie,cedgeson28@pagesperso-orange.fr,1/8/2025
82,Tomkin,twinfield29@prlog.org,3/30/2025
83,Miof mela,mbarnham2a@furl.net,6/3/2025
84,Ania,agoodenough2b@icq.com,3/13/2025
85,Liliane,lthirlwall2c@webnode.com,1/24/2025
86,Franciskus,fbranchett2d@dyndns.org,9/26/2024
87,Heath,hhundal2e@typepad.com,8/12/2025
88,Dalila,dbarhims2f@hostgator.com,2/21/2025
89,Kellie,kzanetello2g@qq.com,10/11/2024
90,Cirstoforo,ctyght2h@woothemes.com,1/9/2025
91,Randi,rgreenhalgh2i@hatena.ne.jp,7/11/2025
92,Willi,wwhyteman2j@ibm.com,10/8/2024
93,Bengt,bhatherleigh2k@mapy.cz,7/13/2025
94,Vance,vkirvin2l@sourceforge.net,10/28/2024
95,Lulita,lspanswick2m@cdbaby.com,8/9/2025
96,Haslett,hjerrand2n@businessweek.com,2/18/2025
97,Caryl,cbutters2o@hp.com,9/25/2024
98,Vevay,vslimming2p@abc.net.au,1/14/2025
99,Muhammad,mroom2q@mysql.com,3/18/2025
100,Antoni,acoleby2r@fotki.com,4/1/2025
101,Carrol,cgibbonson2s@ihg.com,7/25/2025
102,Daffi,dnormanvell2t@ucoz.com,2/22/2025
103,Gweneth,glumbley2u@go.com,7/6/2025
104,Merry,mdilke2v@tiny.cc,1/26/2025
105,Patti,pcampbell2w@drupal.org,5/25/2025
106,Stavros,scuthill2x@walmart.com,11/11/2024
107,Vin,vstot2y@devhub.com,9/15/2024
108,Batholomew,bboddy2z@plala.or.jp,5/14/2025
109,Rosie,rjedraszczyk30@independent.co.uk,3/20/2025
110,Jamie,jgait31@e-recht24.de,8/5/2025
111,Gradey,gtriggle32@earthlink.net,4/19/2025
112,Gav,gpauwel33@tripod.com,9/5/2025
113,Kingston,ktomsett34@wikia.com,7/22/2025
114,Vinson,vbigmore35@about.me,3/15/2025
115,Burl,broston36@google.cn,9/18/2024
116,Sibylla,ssaulter37@dyndns.org,3/13/2025
117,Gwenneth,gaberchirder38@lulu.com,12/17/2024
118,Jeremie,jcasacchia39@yellowbook.com,11/22/2024
119,Maurise,mohagerty3a@shareasale.com,6/8/2025
120,Irv,imaffeo3b@wix.com,6/13/2025
121,Eldridge,ecuel3c@godaddy.com,6/28/2025
122,Amandi,aernshaw3d@java.com,8/6/2025
123,Persis,pbrisker3e@techcrunch.com,10/26/2024
124,Mae,mrussi3f@sciencedaily.com,9/10/2025
125,Noby,ncruz3g@wiley.com,5/1/2025
126,Kent,kflanagan3h@ted.com,8/27/2025
127,Nicol,npendell3i@go.com,8/26/2025
128,Lani,lbachelar3j@latimes.com,12/29/2024
129,Kathy,kkarpmann3k@epa.gov,10/3/2024
130,Miner,mfissenden3l@mapy.cz,5/1/2025
131,Tabbatha,tdear3m@scientificamerican.com,2/17/2025
132,Pauly,prich3n@pagesperso-orange.fr,1/29/2025
133,Nolan,nglandon3o@w3.org,6/18/2025
134,Tobe,twelbrock3p@usa.gov,5/21/2025
135,Marc,mshefton3q@newyorker.com,2/6/2025
136,Chadd,cstroyan3r@mit.edu,4/6/2025
137,Jamison,jstivers3s@furl.net,12/26/2024
138,Oswald,omcquilty3t@goodreads.com,9/13/2025
139,Peadar,prendle3u@wufoo.com,9/22/2024
140,Booth,bandreou3v@ucla.edu,8/8/2025
141,Heriberto,hnuscha3w@who.int,10/12/2024
142,Artemis,abackshall3x@newsvine.com,1/20/2025
143,Mikey,mrands3y@behance.net,4/2/2025
144,Florenza,ffranies3z@narod.ru,11/9/2024
145,Andee,amustarde40@vistaprint.com,3/3/2025
146,Rosalind,rrahl41@cocolog-nifty.com,5/28/2025
147,Gabbey,gbrydon42@businesswire.com,3/10/2025
148,Justen,jrickcord43@nifty.com,6/27/2025
149,Guthrey,gshelvey44@ftc.gov,11/14/2024
150,Wait,wlauks45@soundcloud.com,12/28/2024
151,Otho,osweett46@nydailynews.com,1/23/2025
152,Dahlia,dscatchard47@themeforest.net,6/1/2025
153,Hillyer,hlighterness48@bizjournals.com,2/8/2025
154,Salli,speplow49@netscape.com,8/27/2025
155,Merilee,mkubek4a@google.co.jp,6/12/2025
156,Eal,eletixier4b@fotki.com,11/21/2024
157,Murdock,mblunsum4c@upenn.edu,7/10/2025
158,Byron,blivesley4d@dot.gov,9/19/2024
159,Wesley,wgallen4e@wikia.com,5/21/2025
160,Michaella,mcrambie4f@gmpg.org,7/2/2025
161,Court,cspadollini4g@ca.gov,4/10/2025
162,Brittne,bwildor4h@yahoo.com,2/1/2025
163,Donny,dclouter4i@reference.com,12/7/2024
164,Sallie,srewbottom4j@baidu.com,4/24/2025
165,Onida,osharma4k@netscape.com,2/13/2025
166,Gusti,gmcmorran4l@live.com,2/13/2025
167,Jaimie,jibbotson4m@ft.com,3/31/2025
168,Mandy,mduligall4n@oracle.com,4/27/2025
169,Benjamen,bcoppock4o@deliciousdays.com,12/23/2024
170,Lyn,lannell4p@aol.com,7/27/2025
171,Guenevere,gmackerley4q@sina.com.cn,6/29/2025
172,Peterus,pjancar4r@java.com,11/22/2024
173,Denys,ddrewson4s@huffingtonpost.com,12/4/2024
174,Ewell,ehilldrup4t@dedecms.com,10/8/2024
175,Gwendolin,gsimmank4u@hao123.com,6/11/2025
176,Herc,hbyrd4v@google.com.au,10/8/2024
177,Marianna,mtregea4w@networkadvertising.org,10/12/2024
178,Vittoria,vdraude4x@uiuc.edu,1/12/2025
179,Weber,wbatsford4y@comcast.net,12/23/2024
180,Nonah,nmathissen4z@google.de,2/28/2025
181,Alexis,awodeland50@live.com,1/31/2025
182,Sherye,sbulward51@umich.edu,11/28/2024
183,Lina,lbonwell52@gnu.org,10/7/2024
184,Eliza,ewadeling53@tripod.com,5/28/2025
185,Holly,hblanko54@a8.net,11/22/2024
186,Alicea,apuckrin55@ovh.net,10/19/2024
187,Desirae,dgiovannetti56@bing.com,1/28/2025
188,Packston,pmcimmie57@state.tx.us,2/16/2025
189,Isis,ikopta58@ucla.edu,11/13/2024
190,Ondrea,ohorsley59@aboutads.info,11/14/2024
191,Baron,bbirdsall5a@nasa.gov,7/9/2025
192,Luciano,lprescote5b@unc.edu,11/20/2024
193,Mattias,mbernet5c@parallels.com,1/4/2025
194,Allie,awyon5d@google.com.br,9/26/2024
195,Duff,dpowers5e@hao123.com,8/14/2025
196,Danielle,ddansken5f@tinyurl.com,12/28/2024
197,Nathan,nreinmar5g@state.tx.us,6/1/2025
198,Rebekah,rcrowdson5h@globo.com,4/15/2025
199,Lek,lsempill5i@ft.com,10/17/2024
200,Shelley,sbranni5j@jimdo.com,2/8/2025
201,Bank,bgoggins5k@google.es,7/3/2025
202,Sheffield,skingh5l@issuu.com,10/3/2024
203,Morganica,mrigler5m@ox.ac.uk,1/9/2025
204,Keri,kboorman5n@opensource.org,9/14/2024
205,Kleon,kpimblott5o@vistaprint.com,8/26/2025
206,Lacy,lstileman5p@cpanel.net,6/2/2025
207,Fayth,fjuorio5q@1688.com,8/15/2025
208,Hatty,hhammand5r@dot.gov,12/29/2024
209,Ilene,ikiezler5s@cdc.gov,3/15/2025
210,Shanta,swollaston5t@trellian.com,4/8/2025
211,Kendall,kpickervance5u@theguardian.com,4/22/2025
212,Arleen,avanderveldt5v@whitehouse.gov,5/29/2025
213,Rori,raldwich5w@chronoengine.com,10/30/2024
214,Buddy,blahiff5x@amazon.co.uk,8/29/2025
215,Tiffani,tashe5y@reference.com,7/10/2025
216,Sandi,spoppleston5z@irs.gov,10/18/2024
217,Bernie,bsallans60@altervista.org,3/29/2025
218,Mile,mguilliland61@craigslist.org,7/28/2025
219,Micheal,mgibbeson62@newyorker.com,4/16/2025
220,Paolina,pvasyunichev63@amazon.com,10/13/2024
221,Mattie,mbrager64@nhs.uk,10/31/2024
222,Koenraad,kfewtrell65@csmonitor.com,4/28/2025
223,Nikaniki,nkebbell66@dion.ne.jp,8/23/2025
224,Didi,dklawi67@cbsnews.com,1/29/2025
225,Lamond,lpaal68@google.cn,4/26/2025
226,Salomone,sgerrie69@scientificamerican.com,1/4/2025
227,Janel,jedscer6a@nyu.edu,12/27/2024
228,Artair,amarquot6b@yahoo.co.jp,10/27/2024
229,Harry,hkearn6c@163.com,5/12/2025
230,Karel,kbaldin6d@topsy.com,9/25/2024
231,Olimpia,opennoni6e@imgur.com,5/31/2025
232,Valma,vcrowche6f@diigo.com,1/10/2025
233,Jeni,jtraill6g@hubpages.com,11/12/2024
234,Noll,nsummerton6h@guardian.co.uk,2/28/2025
235,Lanita,lhattigan6i@lycos.com,11/22/2024
236,Morse,mbusen6j@oakley.com,4/29/2025
237,Alma,akaliszewski6k@discuz.net,11/6/2024
238,Artair,amccarthy6l@home.pl,2/3/2025
239,Garik,gcribbin6m@cdbaby.com,6/3/2025
240,Peirce,pcastagneri6n@yahoo.com,3/18/2025
241,Bonnibelle,blindsay6o@hibu.com,3/2/2025
242,Lauryn,lswalowe6p@goo.ne.jp,5/15/2025
243,Jerrome,jhathaway6q@odnoklassniki.ru,3/3/2025
244,Erika,ecrisall6r@businessinsider.com,9/20/2024
245,Viola,vmattinson6s@rambler.ru,5/26/2025
246,Brock,bhiscoke6t@comsenz.com,1/8/2025
247,Angela,agagan6u@gmpg.org,7/21/2025
248,Sandie,scapelin6v@statcounter.com,5/15/2025
249,Parrnell,pniccolls6w@ucsd.edu,8/14/2025
250,Babara,bkmicicki6x@soundcloud.com,10/3/2024
251,Louisa,lvallender6y@simplemachines.org,3/23/2025
252,Theresina,tiacomo6z@e-recht24.de,10/25/2024
253,Bev,bcrees70@bing.com,10/22/2024
254,Heriberto,hmclernon71@com.com,3/22/2025
255,Gualterio,gyushkov72@ox.ac.uk,4/2/2025
256,Reynold,rbengtson73@pbs.org,11/11/2024
257,Valaree,vrois74@cam.ac.uk,12/2/2024
258,Kenon,kphilps75@hud.gov,10/16/2024
259,Vonni,vstockoe76@infoseek.co.jp,3/23/2025
260,Filmer,fourry77@macromedia.com,10/15/2024
261,Marylee,mdilliway78@1und1.de,3/9/2025
262,Izak,iimort79@163.com,9/12/2025
263,Munroe,mrowth7a@webeden.co.uk,3/6/2025
264,Lorne,lworge7b@woothemes.com,7/23/2025
265,Tadeas,tibbetson7c@imdb.com,4/29/2025
266,Rogers,rtugman7d@dropbox.com,9/29/2024
267,Rustie,rkeefe7e@twitter.com,2/12/2025
268,Tedie,tbeiderbecke7f@latimes.com,3/1/2025
269,Jacquette,jmistry7g@behance.net,6/21/2025
270,Sallie,sbisatt7h@paypal.com,9/6/2025
271,Cathlene,cdrinkel7i@facebook.com,7/12/2025
272,Meier,msaffon7j@marketwatch.com,11/12/2024
273,Tammie,tdulake7k@creativecommons.org,5/4/2025
274,Nicolle,ndestoop7l@alibaba.com,2/16/2025
275,Gregor,gchesson7m@slideshare.net,10/10/2024
276,Teirtza,ttyt7n@craigslist.org,7/15/2025
277,Kora,kbeak7o@dion.ne.jp,11/4/2024
278,Jule,jphythean7p@whitehouse.gov,9/1/2025
279,Giacopo,grivallant7q@spotify.com,11/14/2024
280,Jorry,jbroose7r@sbwire.com,8/29/2025
281,Caresse,cheball7s@cyberchimps.com,12/8/2024
282,Perri,pbatterbee7t@europa.eu,11/9/2024
283,Hulda,hferreira7u@csmonitor.com,5/1/2025
284,Martie,mpund7v@hostgator.com,6/16/2025
285,Alleyn,aadamowitz7w@bluehost.com,7/30/2025
286,Anya,adalgetty7x@illinois.edu,2/4/2025
287,Jillayne,jattwill7y@wordpress.com,2/18/2025
288,Louisa,lbontoft7z@newsvine.com,3/16/2025
289,Jerry,jleifer80@ebay.co.uk,8/10/2025
290,Annamarie,afreear81@1und1.de,7/5/2025
291,Reggis,rcowtherd82@usa.gov,3/18/2025
292,Emelyne,ekainz83@blogger.com,4/26/2025
293,Andi,awarmington84@reverbnation.com,4/8/2025
294,Charita,cmcmichan85@unesco.org,3/31/2025
295,Reuven,ranthonsen86@harvard.edu,12/31/2024
296,Krishna,kantushev87@va.gov,12/17/2024
297,Malchy,msmedmore88@dmoz.org,1/27/2025
298,Ferd,fgilroy89@netscape.com,11/5/2024
299,Baryram,blanger8a@last.fm,8/7/2025
300,Evyn,ematusov8b@businesswire.com,5/10/2025
301,Brietta,bgillice8c@yelp.com,3/5/2025
302,Cesare,cchastagnier8d@aol.com,4/23/2025
303,Derrick,doffer8e@ted.com,5/12/2025
304,Malia,mmaciaszek8f@t.co,12/23/2024
305,Rebecka,rfould8g@youtube.com,7/11/2025
306,Caryn,canespie8h@imgur.com,1/30/2025
307,Ronnie,rcrohan8i@wiley.com,11/29/2024
308,Sumner,sliversley8j@slate.com,8/24/2025
309,Bruce,bleacock8k@slashdot.org,5/29/2025
310,Holden,htithecott8l@gizmodo.com,4/15/2025
311,Kamilah,kjosilowski8m@dion.ne.jp,9/20/2024
312,Eddy,emcconaghy8n@slashdot.org,12/5/2024
313,Whittaker,wimpleton8o@lycos.com,5/11/2025
314,Sadie,samey8p@parallels.com,12/31/2024
315,Yetta,ybatalini8q@epa.gov,6/1/2025
316,Francois,fbaudi8r@cpanel.net,5/25/2025
317,Rowen,rnaden8s@washingtonpost.com,3/2/2025
318,Stern,sroscher8t@exblog.jp,6/4/2025
319,Karin,kverbruggen8u@buzzfeed.com,12/3/2024
320,Vincent,vlittefair8v@biblegateway.com,5/11/2025
321,Arleta,apolkinhorn8w@bravesites.com,4/26/2025
322,Robby,rellum8x@cbslocal.com,8/4/2025
323,Wilow,wfreschi8y@google.pl,7/2/2025
324,Sofia,sdeath8z@bluehost.com,7/25/2025
325,Hortensia,htruran90@sina.com.cn,8/26/2025
326,Riva,rcattroll91@mashable.com,11/27/2024
327,Alastair,aedlington92@paginegialle.it,5/18/2025
328,Rriocard,rworld93@quantcast.com,9/27/2024
329,Terrie,tinsall94@ox.ac.uk,10/30/2024
330,Constancy,cfills95@wiley.com,12/6/2024
331,Fredek,fbaldrey96@fastcompany.com,2/9/2025
332,Townie,tinsull97@mayoclinic.com,5/8/2025
333,Emmy,ewesterman98@bloomberg.com,4/6/2025
334,Amitie,acousen99@miitbeian.gov.cn,7/20/2025
335,Vivyan,velmore9a@sphinn.com,9/12/2025
336,Cherida,cambridge9b@so-net.ne.jp,9/23/2024
337,Judah,jfever9c@boston.com,5/21/2025
338,Brigitta,bkeme9d@dailymotion.com,5/22/2025
339,Elane,evasichev9e@samsung.com,1/10/2025
340,Misti,miacivelli9f@cbsnews.com,7/22/2025
341,Marget,mcraisford9g@google.com.hk,12/20/2024
342,Obie,okingsley9h@tmall.com,4/6/2025
343,Mei,mgazey9i@loc.gov,1/20/2025
344,Bobbe,bchancellor9j@washington.edu,7/9/2025
345,Farra,fshemilt9k@chronoengine.com,1/12/2025
346,Sayers,srude9l@biblegateway.com,11/22/2024
347,Syman,scowdry9m@usatoday.com,12/26/2024
348,Roberta,rsekulla9n@oaic.gov.au,4/20/2025
349,Haywood,hkellard9o@scientificamerican.com,12/6/2024
350,Fredek,frainton9p@shop-pro.jp,3/29/2025
351,Leilah,lchittleburgh9q@tripod.com,1/27/2025
352,Kimball,kumpleby9r@ebay.co.uk,11/1/2024
353,Samara,sgrayham9s@imgur.com,4/9/2025
354,Ofelia,oisaq9t@elegantthemes.com,9/19/2024
355,Ethelda,eouthwaite9u@weather.com,12/15/2024
356,Fiorenze,fpickvance9v@marriott.com,3/18/2025
357,Billie,blewins9w@macromedia.com,11/22/2024
358,Reagan,rarens9x@dell.com,4/12/2025
359,Tessi,tmaccleay9y@diigo.com,2/21/2025
360,Dewie,dfink9z@1688.com,4/17/2025
361,Dominica,dbenjafielda0@addtoany.com,3/9/2025
362,Mel,myewena1@blogger.com,7/31/2025
363,Marja,mgarbotta2@multiply.com,9/18/2024
364,Gare,glongbonea3@free.fr,10/26/2024
365,Rockie,rferrya4@salon.com,4/19/2025
366,Kippy,kninehama5@msu.edu,10/30/2024
367,Laetitia,ldowsea6@unblog.fr,3/14/2025
368,Lukas,lmanharea7@loc.gov,6/12/2025
369,Avery,aorrocksa8@vinaora.com,12/27/2024
370,Sonnie,slillicrapa9@economist.com,4/6/2025
371,Godwin,gpleasaunceaa@arstechnica.com,8/3/2025
372,Danella,dbarabichab@youtube.com,12/27/2024
373,Truda,thearnsac@opera.com,11/16/2024
374,Eve,egiannazzoad@sciencedirect.com,2/1/2025
375,Lotty,lchurchyardae@mashable.com,8/23/2025
376,Annecorinne,akitcheraf@photobucket.com,7/25/2025
377,Derrek,dcunneyag@phoca.cz,4/14/2025
378,Alla,aderbyshireah@storify.com,11/20/2024
379,Gifford,gakredai@ovh.net,6/12/2025
380,Ermina,ewilneaj@microsoft.com,2/21/2025
381,Toby,tmaboneak@dmoz.org,11/25/2024
382,Sunny,sbowderyal@wikia.com,11/27/2024
383,Granville,gocarranam@dell.com,6/7/2025
384,Georgetta,gmallabyan@behance.net,2/8/2025
385,Jere,jbarnevilleao@cdbaby.com,7/1/2025
386,Mariejeanne,makesterap@qq.com,12/28/2024
387,Ardelle,atorbardaq@live.com,7/17/2025
388,Sula,sbattlestonear@g.co,1/4/2025
389,Monty,mpargeteras@nymag.com,3/23/2025
390,Daphna,dstonefewingsat@free.fr,3/26/2025
391,Alayne,achaunceau@wikia.com,7/31/2025
392,Andriette,aszreterav@cbsnews.com,4/24/2025
393,Eolanda,eshildrickaw@storify.com,6/13/2025
394,Tracie,twizax@senate.gov,5/28/2025
395,Rafaellle,rsalternay@opensource.org,1/26/2025
396,Hugo,hmccandlessaz@4shared.com,1/25/2025
397,Ruben,rmashamb0@java.com,1/11/2025
398,Mill,mleahb1@theguardian.com,7/29/2025
399,Farrand,fdymokeb2@apple.com,2/8/2025
400,Tomi,tboolb3@hao123.com,11/4/2024
401,Latia,lcrookshankb4@dedecms.com,3/18/2025
402,Carlos,ccodab5@cbsnews.com,7/29/2025
403,Jude,jcreserb6@hc360.com,5/13/2025
404,Broderic,bburgoineb7@dagondesign.com,5/18/2025
405,Tracee,twillasb8@techcrunch.com,3/4/2025
406,Nils,narnellb9@blinklist.com,5/15/2025
407,Pepe,pkubecba@is.gd,2/10/2025
408,Elia,ejuleffbb@yandex.ru,4/20/2025
409,Laney,lalldredbc@github.io,5/2/2025
410,Adair,awabeybd@i2i.jp,6/28/2025
411,Tybi,tgreaterexbe@yale.edu,12/17/2024
412,Elane,ecrowleybf@php.net,1/23/2025
413,Lazarus,laitkenbg@myspace.com,9/15/2024
414,Syman,sullyottbh@comcast.net,10/17/2024
415,Stanfield,sschrirbi@bizjournals.com,4/25/2025
416,Findley,fkirkbj@nyu.edu,10/21/2024
417,Ethe,ehigginbottambk@rambler.ru,2/21/2025
418,Almire,aeasterbybl@wiley.com,4/29/2025
419,Josey,jmcnevinbm@eventbrite.com,5/9/2025
420,Julie,jgrayshonbn@cpanel.net,11/29/2024
421,Barbe,bdonawaybo@narod.ru,5/16/2025
422,Merola,mwoodwardbp@berkeley.edu,5/27/2025
423,Rowan,ralabastarbq@theatlantic.com,10/23/2024
424,Tucky,twatersbr@cocolog-nifty.com,7/23/2025
425,Willy,wloftiebs@bluehost.com,5/14/2025
426,Van,vleesbt@amazon.co.jp,2/3/2025
427,Sydelle,slabbeybu@ucoz.com,9/6/2025
428,Alisha,alucockbv@unesco.org,10/5/2024
429,Neill,npanswickbw@netlog.com,4/16/2025
430,Dix,dsirettbx@cnet.com,1/29/2025
431,Lettie,lgerredby@prweb.com,3/22/2025
432,Tadio,tbaurerichbz@people.com.cn,2/26/2025
433,Malia,modoranc0@nbcnews.com,7/1/2025
434,Tann,tsherrellc1@123-reg.co.uk,5/29/2025
435,Guenevere,gmccoyc2@apple.com,10/17/2024
436,Marion,mperciferc3@accuweather.com,6/26/2025
437,Inigo,iburgherc4@spotify.com,1/3/2025
438,Gene,gbarnwillc5@surveymonkey.com,9/28/2024
439,Hermann,hganforthec6@statcounter.com,8/29/2025
440,Bernie,bwoodworthc7@theglobeandmail.com,3/17/2025
441,Lila,liwaszkiewiczc8@comcast.net,7/30/2025
442,Bax,bmillsonc9@cbc.ca,3/10/2025
443,Chen,cmcguckinca@feedburner.com,8/8/2025
444,Marmaduke,mupstoncb@printfriendly.com,11/8/2024
445,Bruis,bvondracc@adobe.com,5/5/2025
446,Der,dkunzelcd@cocolog-nifty.com,1/4/2025
447,Paulo,pbordessace@ca.gov,4/25/2025
448,Byrann,bcarleycf@auda.org.au,1/24/2025
449,Daphna,dcruesscg@ifeng.com,11/5/2024
450,Elonore,eiwanickich@meetup.com,12/11/2024
451,Trueman,tmurkinci@google.de,3/30/2025
452,Alleen,atrodlercj@pbs.org,12/19/2024
453,Base,bcastagnetck@ocn.ne.jp,8/4/2025
454,Isadore,igarriockcl@woothemes.com,6/28/2025
455,Koressa,kkarrancm@washington.edu,2/7/2025
456,Isabelle,iclerkcn@house.gov,4/1/2025
457,Germaine,gscarrattco@alexa.com,8/9/2025
458,Malina,mhowsecp@accuweather.com,3/1/2025
459,Jeana,jgarrardcq@discuz.net,6/5/2025
460,Ignaz,iheymescr@princeton.edu,12/12/2024
461,Margareta,mfahertycs@qq.com,8/18/2025
462,Isacco,iwarfieldct@addthis.com,5/11/2025
463,Fernandina,frameauxcu@comcast.net,5/17/2025
464,Mona,mleeuwerinkcv@tinypic.com,12/19/2024
465,Karrah,kfullertoncw@eventbrite.com,1/8/2025
466,Benito,bdeernesscx@quantcast.com,10/28/2024
467,Chrotoem,cscarthcy@cmu.edu,2/7/2025
468,Stephie,sstrippelcz@baidu.com,4/21/2025
469,Bryant,boruaned0@globo.com,11/26/2024
470,Worthy,wrobillardd1@cargocollective.com,11/25/2024
471,Miriam,mlamonbyd2@theguardian.com,6/2/2025
472,Ania,aweavingd3@dedecms.com,7/30/2025
473,Ruthi,rhendriksend4@cnet.com,7/25/2025
474,Orville,oabbadod5@kickstarter.com,6/13/2025
475,Cory,cgoudmand6@sphinn.com,8/23/2025
476,Sharron,sprigmored7@mozilla.com,6/7/2025
477,Garey,gakroydd8@yandex.ru,12/30/2024
478,Sheila,srayerd9@bloglines.com,10/27/2024
479,Ronny,rnoenda@tiny.cc,10/5/2024
480,Cassaundra,cfitzgibbondb@hostgator.com,7/29/2025
481,Lucky,lsamartdc@imdb.com,5/23/2025
482,Chrystal,cgainordd@google.com.br,11/6/2024
483,Shawna,scancuttde@free.fr,5/31/2025
484,Ronalda,rbarteletdf@cisco.com,11/19/2024
485,Mozes,mblemendg@accuweather.com,9/1/2025
486,Jaquith,jcarpenterdh@gizmodo.com,4/9/2025
487,Evangelin,emulvanydi@google.com.br,3/3/2025
488,Michelina,mfawleydj@a8.net,8/15/2025
489,Jessie,jpackerdk@liveinternet.ru,6/12/2025
490,Irwinn,ilenschdl@alexa.com,7/21/2025
491,Margaretha,mcaghandm@nps.gov,3/21/2025
492,Ardys,awallacedn@com.com,3/11/2025
493,Rosy,rpadfielddo@nyu.edu,11/18/2024
494,Gavin,gbaldindp@ibm.com,7/18/2025
495,Brynn,bcecildq@google.es,7/6/2025
496,Sharona,sleathlaydr@army.mil,6/10/2025
497,Stesha,sheffordeds@liveinternet.ru,1/29/2025
498,Jobyna,jsurcombdt@miitbeian.gov.cn,11/26/2024
499,Cordi,crossbrookdu@ted.com,3/12/2025
500,Emeline,ethickpennydv@squidoo.com,12/14/2024
501,Matthew,mfrostickdw@thetimes.co.uk,10/31/2024
502,Angela,avettoredx@dmoz.org,1/13/2025
503,Ferd,fschoolfielddy@ca.gov,1/2/2025
504,Caren,cmcmahondz@sourceforge.net,3/19/2025
505,Franky,fwigfielde0@statcounter.com,1/8/2025
506,Portie,pbarnewalle1@networksolutions.com,7/28/2025
507,Theresita,tixore2@yelp.com,2/5/2025
508,Marcy,mlacke3@moonfruit.com,5/17/2025
509,Nappie,nmonnie4@marriott.com,12/6/2024
510,Ami,abailesse5@a8.net,12/11/2024
511,Missie,mhorbathe6@biglobe.ne.jp,7/13/2025
512,Towney,twollarde7@php.net,4/2/2025
513,Marcella,mpiggreme8@i2i.jp,9/11/2025
514,Shelbi,splevine9@paypal.com,5/3/2025
515,Korie,knaisbittea@reuters.com,12/10/2024
516,Bryce,bshoveltoneb@ow.ly,1/22/2025
517,Jsandye,jderbyshireec@answers.com,11/2/2024
518,Jandy,jdouthwaiteed@twitter.com,3/19/2025
519,Jed,jtukeee@twitpic.com,11/11/2024
520,Rosene,rreadittef@toplist.cz,7/27/2025
521,Meredith,mstellieg@baidu.com,10/29/2024
522,Nessi,nfoxtoneh@mozilla.org,1/12/2025
523,Stinky,sogeneayei@behance.net,10/4/2024
524,Anastasie,amoyej@jimdo.com,10/5/2024
525,Kial,ksielyek@wufoo.com,3/8/2025
526,Zelig,zosherrinel@accuweather.com,2/28/2025
527,Nelson,nsilvertonem@mediafire.com,2/18/2025
528,Hubey,htallachen@4shared.com,6/21/2025
529,Marrissa,mwerriteo@moonfruit.com,6/11/2025
530,Micky,mmorrottep@europa.eu,10/26/2024
531,Ingra,igaudineq@eventbrite.com,10/16/2024
532,Marylou,mliddicoater@youku.com,5/18/2025
533,Dulci,dmonceyes@skype.com,5/30/2025
534,Dolley,diacobiniet@163.com,3/18/2025
535,Rosabella,roliveiraeu@networksolutions.com,7/30/2025
536,Hilly,halltimesev@hibu.com,3/10/2025
537,Carce,cdrezzerew@miibeian.gov.cn,2/8/2025
538,Leigh,lblydenex@merriam-webster.com,11/24/2024
539,Lil,llafoyey@dedecms.com,11/4/2024
540,Zacharias,zalastairez@squarespace.com,4/15/2025
541,Amye,astenbridgef0@wordpress.com,11/18/2024
542,Delmore,dbirkbeckf1@latimes.com,11/12/2024
543,Birgit,bswatheridgef2@technorati.com,11/25/2024
544,Pace,pcurrumf3@wufoo.com,2/20/2025
545,Marshall,mhaggerwoodf4@globo.com,11/7/2024
546,Minette,msarverf5@oracle.com,11/20/2024
547,Lucine,lsemmensf6@cdbaby.com,8/17/2025
548,Theodor,tbonannof7@wisc.edu,8/20/2025
549,Maisey,mgurtonf8@rediff.com,9/11/2025
550,Kaycee,ksandbachf9@symantec.com,4/24/2025
551,Florette,fvurleyfa@seesaa.net,2/4/2025
552,Hurlee,hcamillofb@cbc.ca,11/10/2024
553,Marcel,mmclindenfc@jimdo.com,1/4/2025
554,Falkner,fantosfd@canalblog.com,2/18/2025
555,Emory,elunckfe@sohu.com,4/11/2025
556,Doralia,depelettff@unicef.org,7/28/2025
557,Addy,atawtonfg@oaic.gov.au,7/25/2025
558,Erik,eroarkfh@domainmarket.com,9/11/2025
559,Roz,ralvarofi@omniture.com,4/23/2025
560,Timothee,tellinorfj@weebly.com,1/20/2025
561,Mathilda,meaglestonfk@icq.com,8/6/2025
562,Nissie,nmckeandfl@microsoft.com,4/22/2025
563,Cindi,cbedellsfm@wired.com,3/14/2025
564,Ray,rdjekovicfn@yelp.com,4/21/2025
565,Ulick,umaccoughenfo@statcounter.com,11/7/2024
566,Timothea,tcollumbinefp@ocn.ne.jp,6/17/2025
567,Charis,cprendergrassfq@infoseek.co.jp,6/30/2025
568,Bertie,bmcclearyfr@sourceforge.net,9/1/2025
569,Vonni,vmullissfs@livejournal.com,1/25/2025
570,Isidore,ibarthramft@hugedomains.com,2/24/2025
571,Carrol,cmacgillivrayfu@ucoz.com,6/17/2025
572,Tyson,tsloyfv@noaa.gov,4/24/2025
573,Emmalynne,ebowlerfw@wix.com,8/27/2025
574,Iver,ihairsnapefx@jimdo.com,6/11/2025
575,Poul,pstilingfy@earthlink.net,6/28/2025
576,Marius,mkerslakefz@t-online.de,6/14/2025
577,Mac,mmackelworthg0@vistaprint.com,3/29/2025
578,Oriana,oabsalomg1@amazon.co.jp,10/22/2024
579,Sharona,stitheridgeg2@archive.org,9/6/2025
580,Zack,zscorthorneg3@xing.com,9/10/2025
581,Merill,msucreg4@pen.io,5/25/2025
582,Ingaberg,ifirthg5@homestead.com,3/8/2025
583,Eulalie,ejaycoxg6@businessweek.com,1/26/2025
584,Jordanna,jbalcong7@paginegialle.it,3/7/2025
585,Marabel,mgobelg8@apple.com,6/14/2025
586,Ezmeralda,ebikkerg9@netlog.com,2/11/2025
587,Rorke,rwhelbandga@ezinearticles.com,10/8/2024
588,Jarrid,jhordergb@arstechnica.com,10/19/2024
589,Angeli,agatecliffgc@friendfeed.com,5/11/2025
590,Lowe,lrobertazzigd@nba.com,7/2/2025
591,Yorker,yneasamge@sina.com.cn,7/20/2025
592,Annis,acastanedagf@example.com,11/5/2024
593,Lancelot,lbedlingtongg@cbsnews.com,1/29/2025
594,Kissiah,ksaiensgh@histats.com,6/7/2025
595,Codie,cleistgi@nature.com,8/26/2025
596,Giraldo,ganfussogj@exblog.jp,3/16/2025
597,Jemie,jlumpkingk@irs.gov,10/5/2024
598,Reinaldos,rbyegl@51.la,3/20/2025
599,Isaak,iaxstongm@dmoz.org,12/2/2024
600,Linnea,ltomekgn@example.com,3/10/2025
601,Robinett,rdimentgo@tiny.cc,1/4/2025
602,Gretta,gburrasgp@chronoengine.com,7/5/2025
603,Querida,qgreschkegq@opensource.org,11/11/2024
604,Neile,ncreykegr@addthis.com,9/7/2025
605,Kally,kblabergs@w3.org,8/4/2025
606,Ikey,ipitwaygt@xing.com,4/24/2025
607,Shepherd,smessamgu@twitter.com,6/20/2025
608,Mordecai,mdelanygv@ft.com,7/25/2025
609,Vaclav,vcarpegw@ibm.com,11/8/2024
610,Hal,hingreegx@mediafire.com,10/13/2024
611,Risa,rprestgy@washington.edu,4/1/2025
612,Melina,msimonigz@nyu.edu,5/8/2025
613,Magdalene,mjendrachh0@list-manage.com,10/8/2024
614,Adelice,ajaniszewskih1@indiegogo.com,5/28/2025
615,Sara,siacovozzoh2@bloomberg.com,10/15/2024
616,Latia,ldorkenh3@unc.edu,3/14/2025
617,Aurlie,aionsh4@tmall.com,5/17/2025
618,Tristan,trenalsh5@foxnews.com,1/22/2025
619,August,ahoneyghanh6@reddit.com,8/15/2025
620,Bendicty,bwiseh7@homestead.com,7/12/2025
621,Salvador,sdavissonh8@altervista.org,10/27/2024
622,Faith,fabadeh9@slate.com,10/1/2024
623,Ellary,elumsdenha@hexun.com,1/7/2025
624,Berri,bplainhb@bizjournals.com,7/28/2025
625,Felice,fkarpfhc@bigcartel.com,6/8/2025
626,Rudiger,rkirckmanhd@nsw.gov.au,9/9/2025
627,Tremayne,tharefoothe@last.fm,9/11/2025
628,Leland,llockitthf@hubpages.com,12/7/2024
629,Dunc,dagetthg@newyorker.com,2/5/2025
630,Denyse,dleflochhh@lulu.com,6/20/2025
631,Prudi,pbigleyhi@blinklist.com,2/23/2025
632,Freeland,fsponderhj@shinystat.com,1/14/2025
633,Thaddus,taxtenhk@economist.com,6/29/2025
634,Andie,astutehl@nydailynews.com,3/8/2025
635,Aldridge,amichallathm@nydailynews.com,8/12/2025
636,Pietra,psowleyhn@tumblr.com,2/10/2025
637,Giorgio,gsenyardho@xrea.com,12/11/2024
638,Lind,lgravesonhp@desdev.cn,9/26/2024
639,Truda,tsidlehq@usa.gov,7/2/2025
640,Dorie,dtoothhr@free.fr,1/21/2025
641,Mikol,mmarklewhs@un.org,12/7/2024
642,Dominik,drainardht@angelfire.com,2/23/2025
643,Papagena,pcruddacehu@imageshack.us,10/26/2024
644,Dukey,dhinemoorhv@google.co.jp,11/19/2024
645,Ottilie,olequeuxhw@angelfire.com,4/29/2025
646,Constancy,cfitzalanhx@ucoz.com,7/9/2025
647,Sunny,slieberhy@skype.com,3/14/2025
648,Ingeborg,ibarnisshz@yelp.com,8/14/2025
649,Dulciana,dtregaskisi0@irs.gov,10/3/2024
650,Stafford,sbackleri1@china.com.cn,4/5/2025
651,Eli,ewhibleyi2@unc.edu,3/30/2025
652,Caron,cmorcomi3@cornell.edu,3/25/2025
653,Khalil,kpinketti4@yahoo.com,6/12/2025
654,Niles,ndrewi5@github.io,6/12/2025
655,Elizabeth,ecleevelyi6@about.me,10/9/2024
656,Kally,ksmalli7@ox.ac.uk,12/15/2024
657,Pooh,pgiroldoi8@berkeley.edu,3/10/2025
658,Deeann,dabramsoni9@scribd.com,4/17/2025
659,Elnar,emarklewia@seattletimes.com,11/9/2024
660,Mariejeanne,mthackerib@lycos.com,4/14/2025
661,Tabbi,tstiffellic@unicef.org,3/6/2025
662,Viki,vcheyenneid@addthis.com,2/6/2025
663,Law,lchauveyie@amazon.co.jp,6/16/2025
664,Lillian,lwoofindenif@ning.com,8/26/2025
665,Korella,kmacgarveyig@miitbeian.gov.cn,1/17/2025
666,Jacklin,jweedonih@wufoo.com,4/3/2025
667,Mikael,mmouldsii@netlog.com,10/11/2024
668,Tiffie,tmaccreaij@google.es,2/5/2025
669,Micah,mrevelandik@chron.com,10/27/2024
670,Ansel,acasewellil@over-blog.com,7/31/2025
671,Evelyn,ecollidgeim@epa.gov,3/14/2025
672,Darrelle,dmathesonin@comsenz.com,10/31/2024
673,Muffin,moviseio@buzzfeed.com,2/21/2025
674,Wait,wgattyip@yolasite.com,10/2/2024
675,Rosamond,rbatchelouriq@163.com,5/5/2025
676,Lorrayne,lficklingir@gov.uk,11/4/2024
677,Terrance,tflippelliis@hp.com,1/24/2025
678,Jonah,jmckimmit@last.fm,10/29/2024
679,Haven,hstandringiu@skype.com,6/10/2025
680,Darda,dtowleriv@psu.edu,11/28/2024
681,Ricardo,rclowleyiw@latimes.com,3/30/2025
682,Ilene,iblofieldix@seattletimes.com,10/23/2024
683,Enrichetta,ecutleriy@nyu.edu,6/4/2025
684,Piper,phentzeriz@aol.com,5/5/2025
685,Ali,aharefootj0@hatena.ne.jp,1/19/2025
686,Haskell,hdurnallj1@infoseek.co.jp,1/10/2025
687,Mella,mconyerj2@gov.uk,12/15/2024
688,Durward,dpistolj3@domainmarket.com,3/4/2025
689,Caressa,chebsonj4@marriott.com,3/23/2025
690,Jack,jmccarrisonj5@ihg.com,2/14/2025
691,Anatole,aavrahamianj6@webeden.co.uk,8/15/2025
692,Ailyn,abonhommej7@eepurl.com,5/24/2025
693,Harriott,hcubbinj8@washington.edu,4/24/2025
694,Etienne,egrishakinj9@twitpic.com,6/4/2025
695,Delbert,dokinneallyja@zdnet.com,10/6/2024
696,Blondell,bdurtnalljb@nba.com,12/28/2024
697,Bebe,brattjc@myspace.com,11/26/2024
698,Merrill,myeldenjd@nytimes.com,10/5/2024
699,Grethel,ggiffje@techcrunch.com,9/9/2025
700,Doralynn,dgooblejf@psu.edu,6/24/2025
701,Sallie,spaikjg@wisc.edu,7/29/2025
702,Ulberto,ugaganjh@macromedia.com,8/10/2025
703,Jobey,jpalisterji@moonfruit.com,12/30/2024
704,Vasili,vjoveyjj@behance.net,3/25/2025
705,Alicia,achaddertonjk@odnoklassniki.ru,3/18/2025
706,Linnea,lbuddelljl@amazon.co.uk,2/15/2025
707,Patti,pmereweatherjm@wikispaces.com,7/1/2025
708,Netti,nprobeyjn@statcounter.com,11/8/2024
709,Renata,rlittrelljo@live.com,1/16/2025
710,Marigold,mdibiagiojp@techcrunch.com,10/2/2024
711,Teddie,tkenrackjq@sohu.com,4/15/2025
712,Morry,mcornillotjr@bravesites.com,7/25/2025
713,Analiese,agrimsterjs@last.fm,6/11/2025
714,Thalia,tsandarsjt@woothemes.com,8/21/2025
715,Gabbie,gjanssensju@reddit.com,4/9/2025
716,Waylen,wtumpanejv@mozilla.org,6/27/2025
717,Corbet,ckunzeljw@zdnet.com,3/15/2025
718,Tabb,tivanchinjx@dyndns.org,7/29/2025
719,Jonas,jwegenenjy@youtube.com,12/29/2024
720,Dane,dpickthornjz@cloudflare.com,5/13/2025
721,Jarrid,jhogsdenk0@unesco.org,5/15/2025
722,Stern,sbaughenk1@artisteer.com,10/23/2024
723,Burt,bstamperk2@mozilla.com,3/10/2025
724,Pietro,ptoplingk3@purevolume.com,9/4/2025
725,Nelia,nrafteryk4@archive.org,2/10/2025
726,Lynett,lwalterk5@msu.edu,3/9/2025
727,Brigid,bleopoldk6@apache.org,2/17/2025
728,Agnesse,agomark7@indiegogo.com,8/22/2025
729,Shell,sscarffk8@dedecms.com,8/27/2025
730,Antoni,acumminek9@com.com,1/14/2025
731,Karen,kithellka@pen.io,5/15/2025
732,Denver,dsteuhlmeyerkb@harvard.edu,1/24/2025
733,Calv,clovewellkc@goo.ne.jp,8/19/2025
734,Vita,vwarmingtonkd@cornell.edu,8/13/2025
735,Maire,mmcmorlandke@ted.com,10/12/2024
736,Shep,sbeattykf@is.gd,6/30/2025
737,Angelique,atofanellikg@devhub.com,7/5/2025
738,Kingston,kreysonkh@globo.com,7/23/2025
739,Parsifal,pspratleyki@webeden.co.uk,11/23/2024
740,Natty,ngargettkj@booking.com,4/7/2025
741,Ingeberg,iisakowiczkk@devhub.com,12/7/2024
742,Angie,afridkl@state.tx.us,3/10/2025
743,Becca,bdokm@toplist.cz,6/1/2025
744,Meaghan,mmacgiollakn@typepad.com,8/3/2025
745,Parsifal,pbleythingko@jigsy.com,11/11/2024
746,Merrill,mbirminghamkp@ftc.gov,9/23/2024
747,Eward,ebysakerkq@forbes.com,10/1/2024
748,Seth,smcphelimeykr@so-net.ne.jp,9/22/2024
749,Louie,ldanskineks@themeforest.net,6/4/2025
750,Ada,asancroftkt@rakuten.co.jp,6/17/2025
751,Lee,lhamlingtonku@pagesperso-orange.fr,1/19/2025
752,Lynne,lzarfatkv@theglobeandmail.com,4/2/2025
753,Bernelle,bcossanskw@google.com.br,2/17/2025
754,Lanita,lvalentinekx@amazon.co.jp,10/12/2024
755,Hercules,hthornewillky@hubpages.com,2/4/2025
756,Leontine,lmacscheriekz@last.fm,3/11/2025
757,Griswold,gstevensl0@about.me,12/23/2024
758,Arnaldo,amouanl1@prweb.com,4/3/2025
759,Melonie,mbenedidickl2@hhs.gov,12/9/2024
760,Juliet,jtroopl3@usnews.com,6/8/2025
761,Janie,jorletonl4@gov.uk,7/4/2025
762,Emmi,eristel5@over-blog.com,8/9/2025
763,Vernor,vkitchinghaml6@naver.com,7/19/2025
764,Valle,vstartl7@guardian.co.uk,11/22/2024
765,Kathye,kmeedendorpel8@feedburner.com,2/26/2025
766,Marlo,mgerckenl9@wiley.com,8/26/2025
767,Kelwin,kbaudinla@goo.gl,3/24/2025
768,Alvira,ascallylb@army.mil,10/11/2024
769,Timmy,tdegenhardtlc@bing.com,11/15/2024
770,Ardelle,athyingld@harvard.edu,10/17/2024
771,Lay,lalbonele@toplist.cz,9/8/2025
772,Bonni,bmostynlf@wunderground.com,4/4/2025
773,Bil,bnaismithlg@creativecommons.org,8/6/2025
774,Cindee,ccafflh@webmd.com,4/28/2025
775,Frederique,fstuartli@domainmarket.com,9/20/2024
776,Charmaine,codoughertylj@mail.ru,2/27/2025
777,Korry,kbartolomivislk@google.it,12/20/2024
778,Shirl,socrevyll@amazon.com,4/10/2025
779,Reggie,rcullrfordlm@arstechnica.com,5/27/2025
780,Devy,dhealeln@webeden.co.uk,4/23/2025
781,Mallory,mschirachlo@latimes.com,12/28/2024
782,Carlin,cstorrocklp@nifty.com,11/12/2024
783,Layney,lbatstonelq@github.com,7/21/2025
784,Dorotea,dandrivotlr@vkontakte.ru,12/4/2024
785,Josias,jcollomossels@dion.ne.jp,5/29/2025
786,Gardy,ggalfourlt@goodreads.com,8/31/2025
787,Adeline,aeltonelu@cdbaby.com,6/6/2025
788,Austine,aneildlv@vkontakte.ru,7/25/2025
789,Olenka,odaddlw@samsung.com,2/15/2025
790,Zacharias,zpawlelx@google.com.br,1/22/2025
791,Gwendolyn,ghanlonly@dropbox.com,8/21/2025
792,Freddie,ftyronelz@instagram.com,4/28/2025
793,Dorena,dosheam0@census.gov,10/4/2024
794,Dianna,dbyrchm1@craigslist.org,3/31/2025
795,Vevay,vgoodrickm2@cbc.ca,1/14/2025
796,Hilda,hbambm3@exblog.jp,7/23/2025
797,Hamnet,hgarnettm4@mac.com,8/8/2025
798,Florina,fsyrattm5@flickr.com,10/9/2024
799,Westleigh,wbradnamm6@edublogs.org,6/12/2025
800,Herman,hohmm7@shutterfly.com,3/3/2025
801,Sherm,slorrimanm8@feedburner.com,8/4/2025
802,Heather,hduffillm9@addtoany.com,11/9/2024
803,Merrill,mjovanovicma@japanpost.jp,12/28/2024
804,Gustavus,gschofflermb@twitter.com,4/4/2025
805,Jeno,jbambramc@craigslist.org,8/4/2025
806,Eleni,eyouniemd@stanford.edu,4/30/2025
807,Jo,jsportonme@altervista.org,5/28/2025
808,Pavlov,pwhildermf@examiner.com,1/12/2025
809,Gabrila,gburlessmg@kickstarter.com,12/21/2024
810,Gabi,gcutrissmh@redcross.org,3/11/2025
811,Dorena,dwedmoremi@wufoo.com,3/29/2025
812,Hobie,hfawsonmj@wix.com,4/19/2025
813,Adrea,astoffelmk@go.com,10/27/2024
814,Roselia,rblackhamml@paginegialle.it,4/21/2025
815,Jaime,jcolquytemm@accuweather.com,1/15/2025
816,Leanora,lpharrowmn@canalblog.com,10/22/2024
817,Sigismund,sdomenicimo@reddit.com,5/7/2025
818,Genevra,grickfordmp@squidoo.com,12/21/2024
819,Willem,wcapunmq@prweb.com,5/1/2025
820,Stanislas,skeizmanmr@deviantart.com,7/13/2025
821,Barnett,bgirodierms@netscape.com,11/13/2024
822,Leroi,loxtibymt@a8.net,5/19/2025
823,Sybila,sogilbymu@narod.ru,10/20/2024
824,Trstram,tmaysormv@dagondesign.com,6/19/2025
825,Waite,wgarvinmw@rakuten.co.jp,6/15/2025
826,Rockwell,rloddymx@sphinn.com,10/28/2024
827,Noll,nhukinmy@free.fr,3/2/2025
828,Mick,mshortemz@alibaba.com,4/5/2025
829,Abba,amaxworthyn0@prlog.org,8/2/2025
830,Laurena,lgaggn1@usatoday.com,9/7/2025
831,Leonore,lhardwelln2@ustream.tv,4/23/2025
832,Trip,tollenbutteln3@prnewswire.com,6/13/2025
833,Aleece,areagann4@mail.ru,6/9/2025
834,Damaris,dsargersonn5@admin.ch,2/17/2025
835,Dermot,dbutchern6@uol.com.br,1/28/2025
836,Rem,rbonsonn7@springer.com,7/7/2025
837,Berti,bpurcern8@is.gd,1/11/2025
838,Minny,mcowpen9@census.gov,9/3/2025
839,Elnora,ehullerna@com.com,12/23/2024
840,Kaye,kkyttornb@shareasale.com,8/3/2025
841,Shadow,sprestnc@marketwatch.com,11/25/2024
842,Rosamund,rmccardnd@phoca.cz,9/15/2024
843,Temple,tniessenne@hud.gov,3/5/2025
844,Roy,rchittleburghnf@miitbeian.gov.cn,8/15/2025
845,Doti,dmcentagartng@mysql.com,8/27/2025
846,Vikki,vcattelnh@diigo.com,3/29/2025
847,Maryanna,mgandersni@theglobeandmail.com,12/13/2024
848,Farrand,fjelphsnj@cafepress.com,9/7/2025
849,Valery,vmcduffienk@japanpost.jp,2/2/2025
850,Evered,ecolemannl@desdev.cn,6/1/2025
851,Vittorio,vvenardnm@drupal.org,9/6/2025
852,Virgie,vdalzielnn@sohu.com,9/10/2025
853,Rice,raldersno@geocities.com,12/21/2024
854,Russ,rwannellnp@npr.org,6/22/2025
855,Alf,adrysdellnq@a8.net,1/7/2025
856,Joana,jouldnr@china.com.cn,9/25/2024
857,Mace,mventurolins@taobao.com,1/17/2025
858,Rusty,rtoomernt@deviantart.com,6/13/2025
859,Celinka,cnaresnu@abc.net.au,8/5/2025
860,Norah,nbernhardtnv@salon.com,4/24/2025
861,Edwina,ewarstallnw@nymag.com,12/6/2024
862,Lynsey,lkerssnx@amazonaws.com,9/14/2024
863,Aleta,agatlinny@dagondesign.com,11/25/2024
864,Kikelia,kbeckersnz@newyorker.com,5/25/2025
865,Jewelle,jjeschnero0@nps.gov,4/1/2025
866,Rosemarie,rhampsono1@google.fr,1/11/2025
867,Jami,jwigganso2@privacy.gov.au,7/7/2025
868,Stephannie,sjallando3@un.org,8/13/2025
869,Neddie,nshrawleyo4@hao123.com,2/7/2025
870,Jocelin,jdolemano5@furl.net,3/27/2025
871,Tersina,thatfullo6@oracle.com,12/3/2024
872,Mattie,mlaughreyo7@usgs.gov,11/28/2024
873,Teresita,tlelandeo8@seattletimes.com,10/23/2024
874,Bryanty,bbrickseyo9@disqus.com,5/21/2025
875,Gerladina,gtooveyoa@sitemeter.com,6/11/2025
876,Hendrick,hraistrickob@who.int,3/28/2025
877,Christen,cmonteithoc@dmoz.org,2/3/2025
878,Prentiss,pmoarod@usatoday.com,8/17/2025
879,Hildegaard,hmclemanoe@example.com,8/8/2025
880,Hestia,hpendreighof@godaddy.com,7/29/2025
881,Alecia,agouldbournog@msn.com,10/14/2024
882,Gabbie,gpennialloh@pen.io,8/7/2025
883,Leroy,lhatreyoi@dion.ne.jp,11/10/2024
884,Rowena,rardenoj@biblegateway.com,10/23/2024
885,David,dokellok@multiply.com,10/20/2024
886,Colas,cdarycottol@reference.com,9/2/2025
887,Tove,tvarneyom@spiegel.de,3/26/2025
888,Emmye,erignoldeson@miibeian.gov.cn,4/4/2025
889,Ettore,emcmeartyoo@printfriendly.com,10/1/2024
890,Franny,fwinnettop@plala.or.jp,8/31/2025
891,Rosaline,rwaferoq@yahoo.co.jp,11/30/2024
892,Darsey,ddriversor@wikimedia.org,9/7/2025
893,Raphael,rsquibbesos@google.ca,7/25/2025
894,Marshal,moglesbeeot@ocn.ne.jp,8/11/2025
895,Monro,mattrieou@mtv.com,9/14/2024
896,Hermina,hattiwillov@wikipedia.org,6/20/2025
897,Eldridge,egosswellow@reference.com,3/6/2025
898,Lyn,llightowlerox@skype.com,9/24/2024
899,Heindrick,hgreensalloy@opera.com,11/18/2024
900,Janeva,jraywoodoz@pen.io,5/2/2025
901,Bibbie,bironsidep0@cbc.ca,7/18/2025
902,Kaycee,kbyrkmyrp1@springer.com,5/8/2025
903,Nap,nbrandassip2@devhub.com,8/7/2025
904,Terese,tmacgounp3@reuters.com,4/7/2025
905,Hardy,hgoodallp4@blogtalkradio.com,10/1/2024
906,Hammad,hfinanp5@mashable.com,4/26/2025
907,Violante,vbeneytop6@sohu.com,10/17/2024
908,Carmon,collinp7@timesonline.co.uk,2/21/2025
909,Jordana,jloudonp8@e-recht24.de,2/24/2025
910,Vivienne,vbutterworthp9@1und1.de,7/3/2025
911,Ebonee,egettinspa@amazon.com,7/28/2025
912,Dill,dbassingdenpb@accuweather.com,10/14/2024
913,Sena,sprigmorepc@spotify.com,11/11/2024
914,Manolo,mcasburnpd@mediafire.com,4/1/2025
915,Caryl,clornepe@uiuc.edu,1/25/2025
916,Milton,mneljespf@toplist.cz,5/16/2025
917,Valle,vbecclespg@imageshack.us,4/5/2025
918,Rollie,rthezeph@cocolog-nifty.com,10/2/2024
919,Clyve,cbaylisspi@joomla.org,4/6/2025
920,Ode,overrellpj@instagram.com,3/2/2025
921,John,jpackingtonpk@engadget.com,1/16/2025
922,Steward,saronowpl@bluehost.com,1/25/2025
923,Waldemar,wsinepm@cisco.com,6/19/2025
924,Mirella,msemenspn@stanford.edu,7/7/2025
925,Mikey,mmatyuginpo@ameblo.jp,11/18/2024
926,Trent,tkemblepp@wiley.com,9/17/2024
927,Curry,cyolepq@reverbnation.com,7/4/2025
928,Rodolfo,rlinderpr@huffingtonpost.com,5/25/2025
929,Rusty,racarsonps@deviantart.com,1/23/2025
930,Kendra,karonspt@addtoany.com,11/21/2024
931,Winni,wwingpu@artisteer.com,4/27/2025
932,Arlee,agendrichpv@mozilla.org,6/16/2025
933,Maegan,mgrastyepw@amazon.co.uk,5/26/2025
934,Bab,bmacsherrypx@liveinternet.ru,3/9/2025
935,Jori,jraxworthypy@dyndns.org,3/12/2025
936,Candy,cbalsdonepz@ycombinator.com,4/4/2025
937,Purcell,praisbeckq0@un.org,4/23/2025
938,Carleen,cferrynq1@twitpic.com,4/24/2025
939,Dougie,dyushankinq2@fastcompany.com,2/1/2025
940,Ive,iluetchfordq3@goo.gl,5/16/2025
941,Barbaraanne,btutherq4@apache.org,7/19/2025
942,Pembroke,pdaintreyq5@nasa.gov,11/13/2024
943,Sonnie,sglenfieldq6@icq.com,3/11/2025
944,Brigit,bsnoddinq7@prnewswire.com,7/7/2025
945,Marietta,mpinksq8@w3.org,11/30/2024
946,Gerek,gattridgeq9@usa.gov,8/16/2025
947,Giacopo,gnorthcliffeqa@umn.edu,1/27/2025
948,Pooh,priteleyqb@sfgate.com,1/4/2025
949,Barris,bnuddqc@fastcompany.com,11/22/2024
950,Giffard,gkamenarqd@mayoclinic.com,2/25/2025
951,Abbott,ahattamqe@google.com.hk,4/7/2025
952,Kinna,kmcdermottrowqf@sakura.ne.jp,5/17/2025
953,Markus,mkillshawqg@walmart.com,4/12/2025
954,Edan,eschulterqh@flickr.com,3/26/2025
955,Ezri,enovkovicqi@sohu.com,10/20/2024
956,Lorrin,lbootmanqj@delicious.com,7/30/2025
957,Susan,slanstonqk@fastcompany.com,3/18/2025
958,Giralda,gpetrolloql@washington.edu,7/19/2025
959,Meier,mlagoqm@newyorker.com,5/23/2025
960,Ange,abenqn@zdnet.com,7/18/2025
961,Ingra,iklamptqo@geocities.com,4/11/2025
962,Ansley,ashaftoqp@storify.com,3/14/2025
963,Zorina,zsalkildqq@yahoo.co.jp,2/25/2025
964,Fair,fsimoniqr@latimes.com,11/28/2024
965,Rianon,rlunaqs@mozilla.com,7/30/2025
966,Addia,amesiasqt@acquirethisname.com,2/13/2025
967,Demetre,dfeaksqu@squarespace.com,2/12/2025
968,Luise,lsprowlesqv@sitemeter.com,2/8/2025
969,Trixi,thonatschqw@umn.edu,11/13/2024
970,Tuckie,talldenqx@thetimes.co.uk,9/15/2024
971,Valida,vscandrootqy@reference.com,4/7/2025
972,Petronille,psyalvesterqz@ca.gov,8/13/2025
973,Gabriel,gbartenr0@jimdo.com,1/27/2025
974,Percival,pwaringr1@ameblo.jp,8/17/2025
975,Ryan,rpettersr2@google.de,1/28/2025
976,Mitchael,mbuggr3@wiley.com,10/25/2024
977,Shanan,smeasuresr4@shareasale.com,5/22/2025
978,Toddy,tsebrookr5@nps.gov,12/20/2024
979,Micki,mmillicanr6@sina.com.cn,11/9/2024
980,Nonna,nhanniganer7@ask.com,9/28/2024
981,Gunter,glearmondr8@blinklist.com,2/8/2025
982,Talbot,trandlesr9@time.com,12/27/2024
983,Zsazsa,zwashingtonra@prnewswire.com,5/4/2025
984,Aurthur,alastyrb@hatena.ne.jp,3/22/2025
985,Adrianna,agranleeserc@thetimes.co.uk,8/24/2025
986,Homere,hwildbloodrd@mtv.com,3/12/2025
987,Bendite,beadmeadre@xrea.com,12/12/2024
988,Genevieve,gcumminerf@dailymotion.com,8/11/2025
989,Archy,awraterg@theguardian.com,6/27/2025
990,Gregorio,gglamartrh@unblog.fr,10/1/2024
991,Filbert,fmacdonoghri@telegraph.co.uk,8/6/2025
992,Drake,dellandrj@amazon.com,4/4/2025
993,Maurizio,mcorpsrk@tumblr.com,2/6/2025
994,Tonia,thowseleerl@a8.net,8/27/2025
995,Nonna,nduetscherm@jimdo.com,7/6/2025
996,Karia,kbestarrn@dailymail.co.uk,11/2/2024
997,Vergil,vrollettro@indiegogo.com,12/13/2024
998,Quintin,qsalamanrp@last.fm,1/31/2025
999,Fannie,freinhardtrq@behance.net,3/20/2025
1000,Joline,jdrummerrr@newyorker.com,9/21/2024
